CreditScore,Geography,Gender,Age,Tenure,Balance,NumOfProducts,HasCrCard,IsActiveMember,EstimatedSalary,Exited,Satisfaction.Score,Card.Type,Point.Earned
600,Spain,Male,37,8,177657.35,1,1,1,77142.32,Stayed,2,GOLD,224
497,Germany,Male,24,6,111769.14,2,1,0,55859.27,Stayed,4,DIAMOND,711
624,Spain,Male,46,3,0,2,1,1,62825.03,Stayed,2,SILVER,591
499,Germany,Male,36,5,131142.53,2,1,0,174918.46,Stayed,5,PLATINUM,941
633,France,Female,44,7,0,2,1,0,29761.29,Stayed,2,SILVER,627
456,Germany,Male,32,9,133060.63,1,1,1,125167.92,Stayed,2,DIAMOND,655
692,France,Male,40,6,163505.16,1,0,0,90424.09,Stayed,4,DIAMOND,675
681,France,Female,43,8,154100.3,1,0,0,114659.81,Stayed,5,DIAMOND,302
618,France,Male,34,5,134954.53,1,1,1,151954.39,Stayed,2,SILVER,512
729,France,Female,36,8,109106.8,1,0,0,121311.12,Stayed,3,DIAMOND,456
641,France,Male,37,7,0,2,1,0,75248.3,Stayed,2,PLATINUM,516
717,Germany,Female,28,9,82498.14,2,0,0,40437.67,Stayed,5,GOLD,270
681,Germany,Male,31,4,97338.19,2,0,0,48226.76,Stayed,4,SILVER,675
605,France,Female,36,6,0,1,0,1,690.84,Stayed,4,DIAMOND,373
543,France,Male,43,9,0,2,1,1,78858.07,Stayed,5,SILVER,380
643,Spain,Female,35,6,0,2,1,1,41549.64,Stayed,1,PLATINUM,704
682,France,Female,64,10,128306.7,1,0,1,66040.83,Stayed,4,PLATINUM,457
710,Spain,Male,22,8,0,2,0,0,99645.04,Stayed,4,SILVER,289
512,Spain,Female,46,3,0,2,1,1,56408.14,Stayed,4,PLATINUM,669
670,France,Female,31,9,0,1,0,1,76254.83,Stayed,3,DIAMOND,761
701,Spain,Female,30,2,0,2,1,0,115650.63,Stayed,1,DIAMOND,528
793,France,Male,56,8,119496.25,2,1,0,29880.99,Stayed,2,SILVER,458
743,France,Male,23,3,110203.77,1,1,0,95583.45,Stayed,1,PLATINUM,476
774,France,Male,49,1,142767.39,1,1,1,8214.41,Stayed,1,SILVER,572
480,Germany,Female,25,3,174330.35,2,0,0,181647.13,Stayed,1,DIAMOND,425
746,Germany,Male,34,6,141806,2,1,1,183494.87,Stayed,3,SILVER,236
778,Germany,Female,29,7,123229.46,1,1,0,181221.09,Stayed,3,PLATINUM,977
803,France,Female,26,4,0,2,1,1,181208.47,Stayed,2,DIAMOND,1000
501,France,Male,40,4,125832.2,1,1,1,100433.83,Stayed,3,DIAMOND,923
726,France,Male,28,2,0,1,0,0,98060.51,Stayed,1,SILVER,983
584,France,Male,49,8,172713.44,1,1,0,113860.81,Stayed,2,DIAMOND,475
754,Germany,Female,39,8,129401.87,1,1,1,87684.93,Stayed,2,GOLD,591
807,Germany,Male,37,10,130110.45,2,0,1,172097.95,Stayed,4,DIAMOND,539
625,France,Male,52,5,164978.01,1,1,1,67788.49,Stayed,3,PLATINUM,482
670,France,Female,39,8,101928.51,1,0,0,89205.54,Stayed,5,DIAMOND,290
794,France,Male,56,9,96951.21,1,1,1,71776.76,Stayed,2,PLATINUM,694
818,Germany,Female,72,8,135290.42,2,1,1,63729.72,Stayed,1,SILVER,726
691,France,Female,33,6,0,2,1,0,164074.89,Stayed,5,SILVER,643
547,Germany,Male,32,8,155726.85,1,1,0,67789.99,Stayed,2,SILVER,309
590,France,Male,32,9,0,2,1,0,138889.15,Stayed,1,SILVER,452
763,France,Female,38,0,152582.2,2,0,0,31892.82,Stayed,4,SILVER,624
531,Germany,Female,64,2,175754.87,2,1,1,60721.4,Stayed,1,DIAMOND,887
762,France,Female,44,7,159316.64,1,0,0,24780.13,Stayed,2,DIAMOND,932
545,Spain,Female,33,7,173331.52,1,1,0,150452.88,Stayed,4,DIAMOND,716
544,France,Male,40,8,0,2,1,0,61581.2,Stayed,5,DIAMOND,408
612,France,Female,35,3,0,1,1,1,48108.72,Stayed,4,GOLD,334
769,Germany,Male,27,7,188614.07,1,1,0,171344.09,Stayed,1,GOLD,883
613,France,Male,40,7,124339.9,1,0,0,193309.58,Stayed,3,DIAMOND,611
645,France,Male,39,8,0,2,0,0,96864.36,Stayed,5,SILVER,287
678,Germany,Male,36,3,145747.67,2,0,1,89566.74,Stayed,1,SILVER,824
665,France,Male,25,7,90920.75,1,0,1,112256.57,Stayed,2,GOLD,611
850,Germany,Female,44,5,128605.32,1,0,1,171096.2,Stayed,2,PLATINUM,952
670,Spain,Female,32,3,0,2,1,0,46175.7,Stayed,5,SILVER,325
566,Germany,Male,54,4,118614.6,2,1,1,172601.62,Stayed,3,SILVER,572
741,France,Female,60,5,0,1,1,1,38914.51,Stayed,1,PLATINUM,563
725,France,Female,44,10,0,1,0,1,93777.61,Stayed,5,SILVER,696
850,France,Male,29,6,0,2,1,1,10672.54,Stayed,1,GOLD,508
600,France,Male,34,0,0,2,0,1,3756.23,Stayed,2,GOLD,964
655,France,Female,20,7,134397.61,1,0,0,28029.54,Stayed,4,GOLD,516
719,Spain,Male,38,0,0,1,1,0,126876.47,Stayed,1,SILVER,954
724,France,Female,34,2,0,2,1,1,118863.38,Stayed,4,GOLD,467
827,France,Male,38,5,0,2,0,0,103305.01,Stayed,2,SILVER,785
501,Germany,Male,24,4,130806.42,2,1,0,80241.14,Stayed,1,GOLD,796
685,France,Female,43,1,132667.17,1,1,1,41876.98,Stayed,3,PLATINUM,943
626,France,Female,35,3,0,1,0,0,80190.36,Stayed,5,SILVER,680
528,France,Female,32,4,85615.66,2,1,0,156192.43,Stayed,2,SILVER,518
758,France,Female,32,2,84378.9,1,1,1,75396.43,Stayed,3,PLATINUM,867
693,France,Male,29,2,151352.74,1,0,0,197145.89,Stayed,1,PLATINUM,248
545,France,Female,26,1,0,2,1,1,199638.56,Stayed,5,PLATINUM,902
671,Germany,Male,35,1,144848.74,1,1,1,179012.3,Stayed,5,PLATINUM,731
676,France,Male,23,1,107787.47,1,0,1,116378.82,Stayed,5,SILVER,597
718,Germany,Male,32,9,169947.41,2,1,1,27979.16,Stayed,1,GOLD,371
700,France,Female,37,7,0,2,1,0,17040.82,Stayed,3,DIAMOND,341
744,France,Female,43,10,147832.15,1,0,1,24234.11,Stayed,3,SILVER,982
615,Spain,Male,41,1,126773.43,1,1,1,55551.26,Stayed,2,SILVER,774
632,France,Female,27,3,107375.82,1,1,1,62703.38,Stayed,2,PLATINUM,627
685,France,Female,33,6,0,2,0,1,186785.01,Stayed,3,SILVER,340
545,Germany,Male,37,9,110483.86,1,1,1,127394.67,Stayed,5,DIAMOND,233
629,Germany,Male,35,8,112330.83,1,1,1,91001.02,Stayed,3,GOLD,556
625,Spain,Female,31,8,0,2,1,0,151843.54,Stayed,2,SILVER,617
647,France,Female,40,9,0,2,0,1,92357.21,Stayed,1,GOLD,852
701,France,Male,33,9,147510.34,1,1,0,190611.92,Stayed,5,DIAMOND,228
639,France,Male,66,0,0,2,0,1,42240.54,Stayed,3,SILVER,877
641,France,Female,42,7,125437.14,2,0,0,164128.58,Stayed,3,PLATINUM,551
605,France,Female,30,9,135422.31,1,0,1,186418.85,Stayed,5,DIAMOND,241
448,France,Female,36,6,83947.12,2,1,0,81999.53,Stayed,4,SILVER,524
752,France,Female,36,2,119912.46,1,1,0,124354.92,Stayed,4,PLATINUM,707
731,Spain,Female,39,2,126816.18,1,1,1,74850.93,Stayed,1,SILVER,403
563,France,Female,34,6,139810.34,1,1,1,152417.79,Stayed,5,DIAMOND,254
632,France,Male,32,6,111589.33,1,1,1,170382.99,Stayed,4,DIAMOND,782
713,France,Male,41,3,0,2,1,0,55772.04,Stayed,3,PLATINUM,443
566,France,Male,34,3,0,1,0,0,188135.69,Stayed,4,GOLD,999
643,Spain,Female,34,8,117451.47,1,1,0,65374.86,Stayed,2,DIAMOND,531
651,France,Female,33,1,96834.78,1,1,0,108764.69,Stayed,4,GOLD,804
690,Spain,Male,36,10,0,2,1,0,55902.93,Stayed,2,GOLD,876
619,Spain,Male,52,8,0,2,1,1,123242.11,Stayed,1,PLATINUM,239
613,France,Male,41,7,0,2,1,0,60297.72,Stayed,3,DIAMOND,776
621,Spain,Female,43,8,0,1,0,0,102806.6,Stayed,1,DIAMOND,590
492,France,Male,35,4,141359.37,2,1,0,39519.53,Stayed,3,PLATINUM,807
712,Spain,Male,74,5,0,2,0,0,151425.82,Stayed,2,GOLD,942
660,France,Male,63,8,137841.53,1,1,1,42790.29,Stayed,2,GOLD,985
557,Spain,Male,36,1,113110.26,1,1,0,98413.1,Stayed,3,DIAMOND,512
714,Germany,Male,42,2,177640.09,1,0,1,47166.55,Stayed,5,GOLD,809
596,Spain,Male,32,4,0,2,0,1,146504.35,Stayed,3,PLATINUM,826
540,Germany,Male,39,1,82531.11,1,1,0,114092.52,Stayed,3,GOLD,361
508,France,Male,35,1,86893.28,1,0,0,59374.82,Stayed,2,SILVER,408
693,Spain,Male,47,8,107604.66,1,1,1,80149.27,Stayed,5,SILVER,446
516,Spain,Female,31,7,0,1,1,0,47018.75,Stayed,2,GOLD,326
796,Germany,Female,40,1,99745.95,1,1,0,177524.19,Stayed,2,DIAMOND,547
604,France,Male,33,3,148659.48,1,0,0,42437.75,Stayed,5,DIAMOND,376
717,France,Female,28,1,90537.16,1,0,1,74800.99,Stayed,3,GOLD,448
444,France,Female,40,5,84350.07,1,1,0,143835.76,Stayed,2,GOLD,580
730,France,Female,34,5,74197.38,2,1,0,96875.52,Stayed,4,PLATINUM,402
649,Spain,Male,51,4,0,1,1,1,150390.57,Stayed,3,PLATINUM,782
744,Spain,Male,44,5,120654.68,1,1,0,82290.81,Stayed,4,DIAMOND,790
639,Germany,Male,35,10,128173.9,2,1,0,59093.39,Stayed,3,PLATINUM,452
534,France,Female,53,7,0,2,1,1,80619.17,Stayed,5,PLATINUM,850
694,France,Female,33,4,129731.64,2,1,0,178123.86,Stayed,3,DIAMOND,718
611,France,Female,37,6,0,2,1,0,110782.88,Stayed,5,DIAMOND,501
793,Spain,Male,25,3,100913.57,1,0,0,10579.72,Stayed,5,SILVER,793
523,Spain,Male,32,4,0,2,1,0,167848.02,Stayed,3,DIAMOND,480
547,Germany,Male,25,4,98141.57,2,1,1,52309.8,Stayed,2,SILVER,837
746,France,Male,36,7,142400.77,1,1,1,193438.69,Stayed,4,DIAMOND,452
800,France,Female,29,2,0,2,0,0,167773.55,Stayed,4,PLATINUM,311
611,Spain,Male,34,4,0,2,1,0,170950.58,Stayed,4,DIAMOND,911
583,France,Female,38,10,0,2,0,1,113597.64,Stayed,4,SILVER,691
663,France,Male,35,9,0,2,1,1,195580.28,Stayed,2,DIAMOND,569
695,France,Male,36,4,161533,1,1,0,100940.91,Stayed,2,GOLD,749
472,Spain,Male,40,4,0,1,1,0,70154.22,Stayed,4,DIAMOND,545
659,Spain,Male,32,3,107594.11,2,1,1,102416.84,Stayed,3,DIAMOND,683
571,France,Male,32,5,131354.25,1,1,0,125256.53,Stayed,1,PLATINUM,607
684,Spain,Female,38,3,0,2,1,0,44255.65,Stayed,4,SILVER,866
751,Spain,Male,33,4,79281.61,1,1,0,117547.76,Stayed,4,GOLD,599
522,France,Male,41,5,144147.68,1,1,1,14789.9,Stayed,3,GOLD,225
772,France,Male,23,2,0,2,1,0,18364.19,Stayed,3,GOLD,407
660,Spain,Male,42,5,0,2,1,0,115509.59,Stayed,5,SILVER,491
510,France,Male,65,2,0,2,1,1,48071.61,Stayed,1,SILVER,280
611,France,Female,43,8,64897.75,1,1,0,114996.33,Stayed,4,SILVER,692
810,France,Female,51,5,0,2,0,1,184524.74,Stayed,1,DIAMOND,527
850,Germany,Female,40,4,97990.49,2,0,0,106691.02,Stayed,1,PLATINUM,251
548,France,Female,41,4,82596.8,1,0,1,55672.09,Stayed,2,SILVER,514
545,Spain,Female,74,3,0,2,1,1,161326.73,Stayed,2,SILVER,423
680,France,Male,34,3,143292.95,1,1,0,66526.01,Stayed,1,SILVER,694
670,France,Male,33,2,141204.65,2,1,0,76257.46,Stayed,5,GOLD,814
422,France,Female,33,2,0,2,1,0,102655.31,Stayed,4,SILVER,332
430,France,Male,38,9,0,2,1,1,12050.77,Stayed,5,SILVER,573
657,France,Male,38,7,0,2,1,0,185827.74,Stayed,1,GOLD,870
576,France,Male,32,7,0,2,1,0,4660.91,Stayed,5,PLATINUM,722
654,Germany,Female,32,1,114510.85,1,1,1,126143.23,Stayed,4,GOLD,224
488,France,Female,34,2,0,2,1,1,181270.84,Stayed,2,PLATINUM,557
592,France,Male,29,7,0,2,1,1,91196.67,Stayed,5,GOLD,624
672,France,Male,37,5,153195.59,1,1,1,162763.01,Stayed,2,PLATINUM,391
694,Germany,Male,37,1,95668.82,2,1,0,100335.55,Stayed,4,GOLD,468
790,Spain,Male,46,2,131365.37,2,1,1,180290.68,Stayed,5,GOLD,242
745,France,Male,46,2,122220.19,1,1,1,118024.1,Stayed,3,DIAMOND,781
542,France,Male,32,7,107871.72,1,1,0,125302.64,Stayed,2,DIAMOND,668
594,France,Male,37,2,0,2,0,1,95864.5,Stayed,4,DIAMOND,303
511,France,Male,58,0,149117.31,1,1,1,162599.51,Stayed,1,GOLD,517
629,Spain,Male,34,1,121151.05,1,0,0,119357.93,Stayed,1,PLATINUM,938
625,Spain,Male,52,8,121161.57,1,1,0,48988.28,Stayed,3,DIAMOND,275
657,Spain,Male,29,7,83889.03,1,1,0,153059.62,Stayed,3,SILVER,682
486,Spain,Male,24,1,0,1,1,0,98802.76,Stayed,5,DIAMOND,937
678,Germany,Female,30,1,139676.95,2,0,1,16146,Stayed,1,SILVER,554
749,Spain,Male,38,9,129378.32,1,1,1,13549.34,Stayed,4,DIAMOND,633
704,France,Male,36,7,120026.98,2,0,1,100601.73,Stayed,1,GOLD,348
613,France,Male,40,4,0,1,0,0,151325.24,Stayed,5,PLATINUM,828
663,France,Male,39,4,0,1,1,0,76884.05,Stayed,1,DIAMOND,900
648,France,Male,26,9,162923.85,1,1,0,98368.24,Stayed,5,GOLD,922
657,France,Male,37,4,82500.28,1,1,1,115260.72,Stayed,5,SILVER,603
834,Spain,Male,34,5,0,2,0,0,53437.1,Stayed,5,GOLD,709
581,Spain,Female,50,4,0,2,1,1,80701.72,Stayed,3,GOLD,232
710,Germany,Male,45,9,108231.37,1,1,1,188574.08,Stayed,5,GOLD,965
630,France,Male,42,6,0,2,1,0,162697.93,Stayed,1,GOLD,986
586,Germany,Male,32,1,149814.54,1,1,0,31830.06,Stayed,3,GOLD,507
730,Spain,Male,62,2,0,2,1,1,186489.95,Stayed,4,GOLD,594
579,Spain,Female,31,9,0,2,1,0,112395.98,Stayed,3,GOLD,297
725,Germany,Male,39,1,50880.98,2,1,1,184023.54,Stayed,4,GOLD,644
690,France,Female,36,6,110480.48,1,0,0,81292.33,Stayed,4,GOLD,276
535,France,Male,33,2,133040.32,1,1,1,110299.78,Stayed,4,DIAMOND,322
575,Spain,Male,53,1,84903.33,2,0,1,26015.8,Stayed,3,GOLD,899
683,France,Male,39,4,0,2,1,0,171716.81,Stayed,2,GOLD,913
620,France,Male,22,0,0,1,1,0,32589.45,Stayed,3,GOLD,911
744,France,Male,56,9,0,2,1,1,169498.61,Stayed,4,SILVER,730
679,France,Male,45,3,146758.24,1,1,0,48466.89,Stayed,4,PLATINUM,873
850,France,Female,33,7,118004.26,1,1,0,183983.82,Stayed,5,SILVER,782
717,Germany,Female,64,10,98362.35,2,1,1,21630.21,Stayed,1,SILVER,682
696,France,Female,41,8,0,2,0,0,28276.83,Stayed,3,PLATINUM,628
653,Spain,Male,55,2,70263.83,1,0,1,62347.71,Stayed,1,GOLD,644
725,France,Male,35,7,75915.75,1,1,0,150507.43,Stayed,1,SILVER,963
747,France,Male,61,7,155973.13,1,0,1,147554.26,Stayed,5,GOLD,527
663,France,Female,27,9,0,2,1,0,150850.29,Stayed,5,DIAMOND,769
658,France,Male,29,3,145512.84,1,1,0,20207.02,Stayed,5,DIAMOND,783
748,France,Female,26,1,77780.29,1,0,1,183049.41,Stayed,3,GOLD,340
612,France,Female,63,2,126473.33,1,0,1,147545.65,Stayed,5,DIAMOND,633
804,France,Male,55,7,0,2,1,1,118752.6,Stayed,5,SILVER,914
782,France,Female,33,2,94493.03,1,0,1,101866.39,Stayed,3,PLATINUM,324
642,France,Male,26,0,0,1,0,0,47472.68,Stayed,5,SILVER,616
674,France,Male,22,3,0,1,1,1,173940.59,Stayed,4,PLATINUM,269
645,Spain,Female,29,4,0,2,1,1,74346.11,Stayed,4,GOLD,268
769,France,Female,73,1,0,1,1,1,29792.11,Stayed,3,DIAMOND,415
567,Germany,Male,40,7,122265.24,1,1,0,138552.74,Stayed,1,SILVER,433
565,Germany,Female,38,2,158651.29,2,1,1,179445.28,Stayed,4,PLATINUM,805
737,France,Male,44,7,0,2,0,0,57898.58,Stayed,2,PLATINUM,315
850,Spain,Male,37,2,0,2,1,0,119969.99,Stayed,2,DIAMOND,272
564,Spain,Male,48,5,132876.23,1,1,0,79259.77,Stayed,1,DIAMOND,741
812,France,Male,24,10,0,2,1,1,156906.15,Stayed,1,PLATINUM,658
758,France,Female,42,7,0,2,0,1,76209.56,Stayed,2,SILVER,430
607,Germany,Male,39,2,84468.67,2,1,1,121945.42,Stayed,5,SILVER,331
707,Spain,Male,32,9,0,2,1,0,126475.79,Stayed,2,PLATINUM,947
609,Spain,Male,37,5,129312.79,1,1,1,26793.82,Stayed,3,PLATINUM,922
525,Spain,Female,57,2,145965.33,1,1,1,64448.36,Stayed,5,PLATINUM,337
738,France,Female,67,1,130652.52,1,0,1,22762.23,Stayed,4,DIAMOND,707
798,Germany,Female,29,8,80204.11,2,1,0,70223.22,Stayed,3,SILVER,965
766,France,Female,52,7,92510.9,2,0,1,66193.61,Stayed,5,DIAMOND,839
803,France,Female,40,6,165526.71,1,1,0,12328.08,Stayed,3,SILVER,880
753,France,Male,92,3,121513.31,1,0,1,195563.99,Stayed,3,PLATINUM,307
701,France,Male,43,2,0,2,1,1,165303.79,Stayed,2,SILVER,633
736,France,Female,36,6,0,1,1,0,70496.66,Stayed,2,GOLD,978
585,France,Female,32,8,144705.87,2,0,0,171482.56,Stayed,1,PLATINUM,767
598,Spain,Female,23,6,0,2,1,0,153229.19,Stayed,2,GOLD,737
606,Germany,Male,39,8,136000.45,2,1,0,31708.53,Stayed,4,SILVER,819
626,France,Male,21,1,0,2,1,0,66232.23,Stayed,3,GOLD,775
582,France,Male,39,5,0,2,1,1,129892.93,Stayed,4,DIAMOND,343
667,Spain,Male,45,3,0,2,0,0,163655.01,Stayed,1,SILVER,814
643,Spain,Male,48,8,0,2,1,0,174729.3,Stayed,1,SILVER,976
740,Spain,Female,31,8,0,2,0,0,86657.48,Stayed,1,GOLD,814
806,France,Female,32,3,63763.49,1,1,0,156593.09,Stayed,1,GOLD,411
551,France,Female,38,10,0,2,1,1,216.27,Stayed,2,SILVER,912
599,Germany,Male,38,9,89111.63,1,0,0,157239.6,Stayed,3,SILVER,600
803,Spain,Female,45,7,0,2,1,1,128378.04,Stayed,1,PLATINUM,589
737,Germany,Male,43,8,96353.8,1,0,0,10209.8,Stayed,1,DIAMOND,373
709,France,Male,42,9,118546.71,1,0,1,77142.85,Stayed,5,GOLD,503
719,Spain,Female,35,8,0,1,1,1,165162.4,Stayed,5,DIAMOND,569
611,France,Male,40,1,0,2,1,1,102547.56,Stayed,2,SILVER,991
724,Germany,Female,53,1,139687.66,2,1,1,12913.92,Stayed,2,DIAMOND,371
527,Germany,Female,41,10,136733.24,1,1,1,57589.29,Stayed,4,DIAMOND,661
582,Germany,Male,26,6,114450.32,1,1,1,14081.64,Stayed,2,SILVER,480
850,France,Male,31,4,0,2,0,0,152298.28,Stayed,5,SILVER,681
638,France,Male,46,9,139859.54,1,1,0,38967.29,Stayed,4,GOLD,946
446,France,Female,51,4,105056.13,1,0,0,70613.52,Stayed,2,DIAMOND,731
491,France,Male,33,5,83134.3,1,1,0,187946.55,Stayed,1,PLATINUM,686
710,France,Male,45,1,0,2,1,1,36154.66,Stayed,2,SILVER,829
675,Spain,Male,66,5,115654.47,2,1,1,131970.86,Stayed,2,GOLD,785
644,Germany,Female,34,10,122196.99,2,1,1,182099.71,Stayed,4,DIAMOND,530
724,France,Male,28,9,0,2,1,1,100240.2,Stayed,2,GOLD,664
617,France,Male,54,6,102141.9,1,1,1,45325.26,Stayed,4,PLATINUM,746
766,Germany,Male,43,6,112088.04,2,1,1,36706.56,Stayed,5,DIAMOND,306
593,Germany,Female,38,5,142658.04,2,0,1,135337.11,Stayed,1,GOLD,698
697,France,Male,36,7,0,2,1,1,74760.32,Stayed,2,DIAMOND,471
774,France,Male,26,2,93844.69,1,1,0,28415.36,Stayed,1,DIAMOND,282
701,France,Female,35,2,0,2,1,1,65765.22,Stayed,5,PLATINUM,939
579,France,Male,39,5,0,2,0,1,39891.84,Stayed,2,GOLD,977
644,Spain,Female,31,5,86006.3,1,1,1,73922.95,Stayed,2,SILVER,274
850,Germany,Male,43,5,129305.09,2,0,1,19244.58,Stayed,4,PLATINUM,615
537,France,Male,26,7,106397.75,1,0,0,103563.23,Stayed,3,DIAMOND,445
524,Germany,Male,29,9,144287.6,2,1,0,32063.3,Stayed,3,PLATINUM,311
637,France,Female,33,9,113913.53,1,0,1,65316.5,Stayed,1,PLATINUM,705
587,Spain,Male,62,7,121286.27,1,0,1,6776.92,Stayed,5,DIAMOND,500
770,France,Female,33,6,0,2,1,1,126131.9,Stayed,2,DIAMOND,497
616,Germany,Female,57,7,116936.81,1,1,1,104379.36,Stayed,2,PLATINUM,336
733,Germany,Female,30,1,102452.71,1,1,0,21556.95,Stayed,5,PLATINUM,950
513,Spain,Female,41,9,107135.04,2,1,1,160546.58,Stayed,1,DIAMOND,576
725,France,Female,31,6,0,1,0,0,61326.43,Stayed,1,DIAMOND,503
841,Spain,Male,41,1,0,2,0,1,193093.77,Stayed,5,SILVER,842
714,Spain,Male,45,0,124693.48,1,0,1,187194.15,Stayed,2,PLATINUM,952
625,France,Male,34,6,0,2,0,0,197283.2,Stayed,5,PLATINUM,503
750,Spain,Female,36,8,112940.07,1,0,1,9855.81,Stayed,3,GOLD,447
800,Spain,Male,38,9,0,1,1,0,78744.39,Stayed,2,DIAMOND,350
651,Germany,Female,25,2,109175.14,2,1,0,114566.47,Stayed,1,SILVER,652
579,Germany,Female,42,3,137560.38,2,1,1,85424.34,Stayed,2,PLATINUM,909
693,France,Female,43,4,152341.55,1,1,0,9241.78,Stayed,5,SILVER,299
758,Germany,Male,32,4,162657.64,2,1,1,115525.13,Stayed,2,GOLD,708
632,France,Male,43,2,100013.51,1,1,0,24275.32,Stayed,5,SILVER,839
789,Germany,Male,39,7,124828.46,2,1,1,124411.08,Stayed,2,PLATINUM,377
591,France,Male,49,3,0,2,1,0,50123.44,Stayed,2,GOLD,560
838,Spain,Male,35,0,0,2,0,1,197305.91,Stayed,1,SILVER,502
620,France,Male,42,4,0,2,1,0,6232.31,Stayed,5,GOLD,402
733,France,Male,22,5,0,2,1,1,117202.19,Stayed,3,DIAMOND,279
848,Spain,Male,22,7,120811.89,1,1,1,185510.34,Stayed,5,GOLD,295
654,France,Female,29,4,96974.97,1,0,1,141404.07,Stayed,2,DIAMOND,342
441,France,Male,60,1,140614.15,1,0,1,174381.23,Stayed,4,SILVER,227
850,Spain,Female,70,5,0,1,1,1,705.18,Stayed,1,DIAMOND,283
792,Germany,Male,36,5,115725.24,2,0,0,1871.25,Stayed,5,DIAMOND,515
699,Spain,Male,40,2,0,1,1,0,78387.32,Stayed,2,DIAMOND,231
683,France,Female,35,6,187530.66,2,1,1,37976.36,Stayed,3,SILVER,511
443,Spain,Male,36,6,70438.01,2,0,1,56937.43,Stayed,4,GOLD,858
806,France,Male,40,5,80613.93,1,1,1,142838.64,Stayed,1,SILVER,314
576,France,Female,29,5,108541.04,1,1,1,126469.09,Stayed,5,DIAMOND,843
600,France,Male,49,7,90218.9,1,1,0,91347.76,Stayed,4,DIAMOND,367
471,Spain,Female,28,5,0,2,1,1,22356.97,Stayed,1,PLATINUM,583
628,France,Male,39,6,0,2,0,0,134441.6,Stayed,3,PLATINUM,887
734,France,Male,51,1,118537.47,1,1,1,116912.45,Stayed,2,DIAMOND,697
665,France,Male,28,8,137300.23,1,1,0,90174.83,Stayed,4,GOLD,638
572,France,Male,24,1,0,2,1,1,151460.84,Stayed,3,GOLD,827
689,Spain,Female,55,4,0,2,1,1,58442.25,Stayed,2,PLATINUM,977
638,Germany,Male,25,4,148045.45,2,1,1,114722.42,Stayed,2,SILVER,537
575,Spain,Female,37,0,0,2,0,0,30114.32,Stayed,2,GOLD,930
652,France,Female,34,6,97435.85,2,1,1,104331.76,Stayed,5,SILVER,604
526,France,Female,36,0,0,2,1,0,97767.63,Stayed,2,PLATINUM,606
660,Spain,Female,33,1,0,2,0,0,117834.91,Stayed,1,PLATINUM,485
688,Germany,Male,29,9,144553.5,2,1,0,143454.95,Stayed,4,SILVER,270
629,France,Male,39,2,129669.32,2,1,0,82774.07,Stayed,4,DIAMOND,716
619,France,Male,58,5,152199.33,1,1,1,86022.09,Stayed,3,SILVER,520
559,France,Male,33,9,111060.05,2,1,0,110371.84,Stayed,1,PLATINUM,242
521,Spain,Female,22,10,0,1,1,1,101311.95,Stayed,3,SILVER,882
814,France,Female,31,6,87772.52,1,1,0,188516.45,Stayed,3,SILVER,870
619,Germany,Female,33,3,100488.92,2,0,1,36446.74,Stayed,4,PLATINUM,522
599,Spain,Female,46,7,81742.84,2,1,0,83282.21,Stayed,3,PLATINUM,381
651,France,Male,23,10,0,2,1,1,170099.23,Stayed,5,SILVER,431
605,Germany,Male,28,10,113690.83,1,1,0,33114.24,Stayed,5,DIAMOND,943
664,France,Female,31,7,104158.84,1,1,0,134169.85,Stayed,2,PLATINUM,951
836,Spain,Female,37,10,0,2,1,0,111324.41,Stayed,1,GOLD,645
606,France,Male,32,6,0,2,0,1,36540.63,Stayed,3,PLATINUM,511
427,Spain,Male,40,8,0,2,1,1,82870.75,Stayed,5,SILVER,778
739,Germany,Male,29,3,59385.98,2,1,1,105533.96,Stayed,5,PLATINUM,429
682,France,Male,26,8,0,2,1,0,178373.43,Stayed,3,SILVER,806
541,France,Male,39,7,0,2,1,0,19823.02,Stayed,5,PLATINUM,781
430,Germany,Male,36,1,138992.48,2,0,0,122373.42,Stayed,3,SILVER,770
680,Spain,Male,35,9,0,2,0,0,143774.06,Stayed,5,PLATINUM,590
674,Germany,Female,38,10,83727.68,1,1,0,45418.12,Stayed,1,DIAMOND,450
811,France,Female,47,3,123365.34,2,0,0,171995.34,Stayed,4,GOLD,601
470,France,Male,30,3,101140.76,1,1,1,50906.65,Stayed,3,SILVER,437
711,France,Male,38,4,123345.85,1,1,0,141827.83,Stayed,2,GOLD,572
513,Spain,Male,39,7,89039.9,2,1,1,146738.83,Stayed,1,DIAMOND,675
739,Spain,Male,31,1,0,2,1,1,58469.75,Stayed,1,GOLD,252
671,France,Female,42,6,0,2,1,0,197202.48,Stayed,5,DIAMOND,393
705,France,Female,39,5,149379.66,2,1,0,96075.55,Stayed,2,PLATINUM,444
686,Spain,Female,35,4,0,2,1,1,159676.55,Stayed,2,GOLD,624
729,France,Male,67,2,94203.8,1,0,1,102391.06,Stayed,2,PLATINUM,948
660,Germany,Female,52,4,86891.84,1,1,0,90877.76,Stayed,4,DIAMOND,753
616,France,Male,40,9,0,2,0,0,93717.55,Stayed,1,SILVER,752
605,Spain,Female,29,3,116805.82,1,0,0,4092.75,Stayed,5,PLATINUM,851
710,Germany,Male,34,8,147833.3,2,0,1,1561.58,Stayed,5,GOLD,916
675,France,Female,57,8,0,2,0,1,95463.29,Stayed,3,SILVER,632
779,France,Female,26,0,0,2,0,1,111906,Stayed,2,DIAMOND,804
556,France,Female,40,9,129860.37,1,0,0,17992.94,Stayed,4,DIAMOND,332
666,France,Male,30,7,109805.3,1,0,1,163625.56,Stayed,4,DIAMOND,957
850,France,Male,68,5,169445.4,1,1,1,186335.07,Stayed,4,PLATINUM,618
655,France,Male,38,4,0,2,0,0,110527.71,Stayed,1,GOLD,437
527,France,Male,32,0,0,1,1,0,109523.88,Stayed,3,SILVER,987
585,France,Female,28,6,105795.9,1,1,1,41219.09,Stayed,2,PLATINUM,446
498,Germany,Male,35,2,121968.11,2,0,1,188343.05,Stayed,1,GOLD,563
623,France,Female,34,9,0,1,1,0,24255.21,Stayed,1,DIAMOND,333
777,France,Female,28,2,134571.5,1,0,1,118313.38,Stayed,2,DIAMOND,543
524,Germany,Female,25,7,131402.21,1,0,0,193668.49,Stayed,4,PLATINUM,997
589,Germany,Female,20,2,121093.29,2,1,0,3529.72,Stayed,1,GOLD,683
619,Spain,Female,38,10,119658.49,1,1,1,8646.58,Stayed,2,SILVER,412
775,France,Male,31,9,0,2,1,0,169278.51,Stayed,3,SILVER,246
740,France,Female,37,9,0,2,1,1,73225.31,Stayed,3,PLATINUM,658
783,France,Male,38,9,114135.17,1,1,0,153269.98,Stayed,2,GOLD,343
737,Germany,Male,31,5,121192.22,2,1,1,74890.58,Stayed,2,PLATINUM,815
642,Germany,Female,30,5,129753.69,1,1,0,582.53,Stayed,1,SILVER,515
668,Spain,Male,43,1,147167.25,1,0,0,141679.73,Stayed,1,DIAMOND,431
658,Spain,Male,21,7,0,2,0,1,154279.87,Stayed,4,SILVER,653
705,France,Male,34,7,117715.84,1,1,0,2498.67,Stayed,5,PLATINUM,408
678,Spain,Female,49,8,0,2,0,1,98090.69,Stayed,3,DIAMOND,401
639,France,Male,77,6,80926.02,2,1,1,55829.25,Stayed,5,GOLD,291
754,France,Male,38,2,0,2,1,0,180698.32,Stayed,3,GOLD,357
612,Germany,Female,36,2,130700.92,2,0,0,77592.8,Stayed,5,DIAMOND,351
591,France,Male,42,9,161651.37,2,1,1,131753.97,Stayed,2,SILVER,646
490,France,Female,35,7,107749.03,1,1,1,3937.37,Stayed,5,PLATINUM,960
565,Germany,Female,38,7,145400.69,2,1,1,83844.79,Stayed,2,GOLD,289
648,Spain,Female,28,9,102282.61,1,1,1,157891.11,Stayed,1,DIAMOND,472
489,France,Male,38,8,0,2,0,1,196990.79,Stayed,1,DIAMOND,821
542,France,Male,29,9,0,1,1,0,8342.35,Stayed,3,GOLD,760
535,Spain,Female,49,7,115309.75,1,1,0,111421.77,Stayed,5,GOLD,885
714,France,Male,52,4,100755.66,1,1,1,186775.25,Stayed,3,DIAMOND,429
667,France,Female,24,4,0,2,0,1,34335.55,Stayed,5,DIAMOND,560
644,France,Male,33,2,0,1,1,0,96420.58,Stayed,1,DIAMOND,482
575,Spain,Male,30,2,0,2,1,1,82222.86,Stayed,1,PLATINUM,934
627,Spain,Female,30,6,0,1,1,1,113408.47,Stayed,4,DIAMOND,320
784,Spain,Male,23,2,0,1,1,1,6847.73,Stayed,5,GOLD,257
668,Germany,Female,32,10,92041.87,1,1,1,43595.9,Stayed,2,SILVER,995
639,Spain,Female,28,8,97840.72,1,1,1,178222.77,Stayed,2,DIAMOND,260
740,France,Male,33,1,129574.98,1,1,1,123300.38,Stayed,3,GOLD,506
667,France,Male,23,1,0,2,1,0,91573.19,Stayed,3,SILVER,474
779,France,Male,32,10,80728.15,1,1,0,86306.75,Stayed,5,GOLD,379
743,France,Male,32,9,0,2,1,0,175252.78,Stayed,4,DIAMOND,364
497,France,Male,41,9,0,1,0,0,22074.48,Stayed,1,PLATINUM,1000
708,France,Female,34,4,0,1,1,1,62868.33,Stayed,3,GOLD,578
592,France,Female,27,4,0,2,1,1,183569.25,Stayed,5,PLATINUM,900
445,France,Male,37,3,0,2,1,1,180012.39,Stayed,4,GOLD,288
648,Spain,Female,53,6,111201.41,1,1,1,121542.29,Stayed,4,PLATINUM,715
599,Germany,Male,33,2,51949.95,2,1,0,85045.92,Stayed,3,DIAMOND,541
570,Spain,Male,34,10,0,2,0,1,183387.12,Stayed,4,SILVER,568
756,France,Male,67,4,0,3,1,1,93081.87,Stayed,1,GOLD,593
493,Spain,Male,32,8,46161.18,1,1,1,79577.4,Stayed,2,GOLD,606
593,Germany,Female,38,5,85626.6,1,1,1,125079.65,Stayed,2,GOLD,891
585,France,Male,56,4,138227.19,2,1,1,55287.84,Stayed,4,GOLD,708
683,Germany,Male,73,9,124730.26,1,1,1,51999.5,Stayed,2,PLATINUM,327
648,Spain,Male,35,7,0,2,0,0,122899.01,Stayed,2,DIAMOND,878
670,France,Female,45,5,47884.92,1,1,1,54340.24,Stayed,5,DIAMOND,723
643,Spain,Male,34,3,83132.09,1,1,1,21360.88,Stayed,2,DIAMOND,893
705,France,Female,31,3,119794.67,1,0,0,182528.44,Stayed,5,GOLD,685
757,France,Female,71,0,88084.13,2,1,1,154337.47,Stayed,4,PLATINUM,522
655,Spain,Female,34,4,109783.69,2,1,0,134034.32,Stayed,1,PLATINUM,985
498,France,Female,29,9,0,1,1,0,190035.83,Stayed,4,GOLD,505
562,France,Male,35,7,0,1,0,0,48869.67,Stayed,3,GOLD,863
773,France,Male,41,4,0,2,1,1,24924.92,Stayed,2,PLATINUM,667
698,Spain,Female,38,1,171848.38,1,0,0,16957.45,Stayed,5,PLATINUM,806
597,France,Female,28,0,142705.95,1,1,0,127233.39,Stayed,4,PLATINUM,845
790,France,Female,40,9,0,2,1,1,70607.1,Stayed,4,SILVER,581
608,France,Female,28,9,0,2,1,1,125062.02,Stayed,4,GOLD,397
850,France,Female,28,9,0,2,1,1,164864.67,Stayed,4,GOLD,891
622,Spain,Male,36,9,0,2,1,1,104852.6,Stayed,3,DIAMOND,331
614,France,Female,41,3,123475.04,1,1,1,179227.52,Stayed,4,PLATINUM,539
661,Spain,Male,20,8,0,1,1,0,110252.53,Stayed,3,GOLD,330
584,Spain,Female,30,5,0,2,1,1,185201.58,Stayed,2,SILVER,564
685,Spain,Male,31,7,122449.31,2,1,1,180769.55,Stayed,5,GOLD,946
653,France,Female,38,8,102133.38,1,1,1,166520.96,Stayed,3,SILVER,795
704,France,Female,33,0,130499.09,2,1,1,74804.36,Stayed,2,SILVER,694
617,France,Male,40,5,190008.32,2,1,1,107047.92,Stayed,4,GOLD,486
644,France,Male,30,5,44928.88,1,1,1,10771.46,Stayed,4,PLATINUM,528
732,France,Male,79,10,61811.23,1,1,1,104222.8,Stayed,1,SILVER,726
539,France,Male,39,3,0,2,1,0,36692.17,Stayed,1,SILVER,426
689,France,Male,34,1,165312.27,1,1,0,155495.63,Stayed,3,DIAMOND,326
750,France,Male,43,6,113882.31,1,1,1,74564.41,Stayed,5,SILVER,526
544,France,Male,37,3,84496.71,1,0,0,79972.09,Stayed,5,PLATINUM,939
675,France,Male,34,8,0,2,1,1,184842.21,Stayed,2,GOLD,977
705,France,Female,35,3,0,2,0,1,66331.01,Stayed,3,GOLD,547
634,Germany,Male,35,6,116269.01,1,1,0,129964.94,Stayed,1,SILVER,989
604,Spain,Male,23,9,124577.33,1,1,1,7267.25,Stayed,4,DIAMOND,470
587,Spain,Male,45,6,0,1,0,0,158684.81,Stayed,3,PLATINUM,732
840,France,Female,39,1,94968.97,1,1,0,84487.62,Stayed,5,SILVER,932
620,France,Female,29,3,0,2,0,1,153392.28,Stayed,3,SILVER,475
602,Spain,Male,34,8,98382.72,1,1,0,39542,Stayed,4,GOLD,240
651,Spain,Male,45,4,0,2,0,0,193009.21,Stayed,4,DIAMOND,344
684,France,Male,38,5,105069.98,2,1,1,198355.28,Stayed,2,PLATINUM,862
659,France,Female,32,2,155584.21,1,0,1,153662.88,Stayed,5,PLATINUM,313
850,Germany,Female,36,3,169025.83,1,1,0,174235.06,Stayed,4,GOLD,492
651,Germany,Female,41,4,133432.59,1,0,1,151303.48,Stayed,3,SILVER,807
654,France,Male,36,2,112262.84,1,1,0,12873.39,Stayed,1,DIAMOND,883
641,France,Female,26,4,91547.84,2,0,1,28157.34,Stayed,2,PLATINUM,712
671,France,Female,31,6,0,2,1,1,15846.42,Stayed,1,GOLD,508
680,Germany,Male,32,7,175454,1,0,1,77349.92,Stayed,2,PLATINUM,772
764,Germany,Male,28,10,124023.18,1,1,0,166188.28,Stayed,1,SILVER,508
635,Spain,Male,35,2,113635.16,1,1,0,90883.12,Stayed,1,SILVER,613
807,France,Female,36,4,0,2,0,1,147007.33,Stayed,5,GOLD,461
838,France,Female,34,8,0,2,1,0,27472.07,Stayed,2,DIAMOND,257
674,Germany,Female,36,6,100762.64,1,1,0,182156.86,Stayed,3,PLATINUM,397
679,France,Male,60,8,0,2,1,1,51380.9,Stayed,4,SILVER,797
547,France,Female,38,5,167539.97,1,0,1,159207.34,Stayed,5,PLATINUM,662
655,France,Female,37,7,111852.84,2,1,0,10511.13,Stayed,3,SILVER,313
514,France,Female,46,3,106511.85,1,1,0,55072.32,Stayed,5,GOLD,478
685,Spain,Male,35,4,137948.51,1,1,0,113639.64,Stayed,1,PLATINUM,404
597,Spain,Female,33,2,0,2,1,1,4700.66,Stayed,3,GOLD,955
678,Germany,Female,37,2,113383.07,1,1,1,135123.96,Stayed,2,DIAMOND,767
550,France,Female,46,7,0,2,1,0,130590.35,Stayed,5,GOLD,473
632,France,Male,27,4,193125.85,1,1,1,152665.85,Stayed,4,GOLD,262
594,Germany,Male,38,6,63176.44,2,1,1,14466.08,Stayed,4,GOLD,890
557,France,Female,46,4,96173.17,2,1,1,116378.31,Stayed,5,GOLD,689
535,Spain,Male,35,8,118989.92,1,1,1,135536.72,Stayed,5,DIAMOND,895
668,Spain,Male,32,1,134446.04,1,0,1,111241.37,Stayed,4,PLATINUM,503
689,Spain,Female,31,4,0,2,1,1,136610.02,Stayed,5,PLATINUM,840
731,France,Male,30,7,0,2,1,1,184581.68,Stayed,2,GOLD,781
585,Spain,Male,36,10,0,2,1,1,180318.6,Stayed,3,SILVER,722
460,Germany,Male,46,4,127559.97,2,1,1,126952.5,Stayed,5,SILVER,287
661,Germany,Male,35,8,124098.54,1,1,0,86678.48,Stayed,2,SILVER,393
542,France,Female,25,7,0,2,0,1,82393.08,Stayed,3,PLATINUM,266
706,Spain,Male,53,7,0,2,0,1,117939.17,Stayed,2,DIAMOND,840
632,France,Male,50,2,0,2,0,0,57942.88,Stayed,1,PLATINUM,419
669,Germany,Female,30,7,139872.81,1,1,0,188795.85,Stayed,3,SILVER,302
575,Spain,Female,22,8,105229.34,1,1,1,34397.08,Stayed,1,GOLD,806
576,Germany,Male,28,1,119336.29,2,0,1,58976.85,Stayed,1,GOLD,592
623,Spain,Female,50,2,87116.71,1,1,1,104382.11,Stayed,5,SILVER,970
705,Spain,Male,46,7,0,2,1,0,117273.35,Stayed,2,GOLD,946
776,Germany,Male,38,5,112281.7,1,0,1,89893.6,Stayed,4,DIAMOND,962
823,France,Male,34,3,105057.33,1,1,0,9217.92,Stayed,2,PLATINUM,329
766,Spain,Male,41,6,99208.46,2,1,0,62402.38,Stayed,4,GOLD,224
574,Spain,Male,36,1,0,2,0,1,71709.12,Stayed,2,DIAMOND,980
521,France,Male,38,6,0,2,1,0,51454.06,Stayed,4,SILVER,572
706,Spain,Male,28,3,0,2,0,1,181543.67,Stayed,3,SILVER,241
751,France,Male,29,3,159597.45,1,1,0,39934.41,Stayed,5,PLATINUM,791
612,France,Female,38,1,0,2,1,1,9209.21,Stayed,2,SILVER,673
717,Spain,Male,33,1,99106.73,1,0,0,194467.23,Stayed,2,GOLD,294
678,France,Female,60,2,0,2,1,1,43821.56,Stayed,4,SILVER,394
835,Germany,Female,29,10,130420.2,2,0,0,106276.55,Stayed,5,DIAMOND,349
479,Spain,Male,37,6,118433.94,1,0,1,160060.9,Stayed,2,GOLD,956
824,Germany,Male,49,8,133231.48,1,1,1,67885.37,Stayed,1,PLATINUM,927
675,Spain,Male,33,3,0,2,1,0,45348.08,Stayed,5,GOLD,487
638,France,Female,42,7,165679.92,1,0,0,32916.29,Stayed,3,GOLD,717
680,France,Male,49,10,0,2,1,0,187008.45,Stayed,2,PLATINUM,933
667,Spain,Female,34,5,0,2,1,0,163830.64,Stayed,5,DIAMOND,627
617,France,Female,79,7,0,1,1,1,160589.18,Stayed,3,SILVER,424
646,Spain,Male,69,10,115462.44,1,1,0,40421.87,Stayed,2,GOLD,701
721,Spain,Male,33,5,0,2,0,1,117626.9,Stayed,1,SILVER,300
629,France,Female,40,6,0,2,1,1,139356.3,Stayed,4,SILVER,327
574,France,Male,33,8,100267.03,1,1,0,103006.27,Stayed,2,DIAMOND,949
543,France,Female,34,8,0,2,0,1,145601.8,Stayed,5,SILVER,236
606,France,Female,71,8,0,2,1,1,169741.96,Stayed,4,GOLD,814
494,France,Male,69,9,93320.8,1,1,1,24489.44,Stayed,2,SILVER,366
700,France,Male,38,8,134811.3,1,1,0,1299.75,Stayed,1,DIAMOND,903
729,Germany,Male,26,4,97268.1,2,1,0,39356.38,Stayed,3,GOLD,309
651,Germany,Female,24,7,40224.7,1,1,1,178341.33,Stayed,4,PLATINUM,842
690,Germany,Male,44,9,100368.63,2,0,0,35342.33,Stayed,3,DIAMOND,652
733,France,Male,48,5,0,1,0,1,117830.57,Stayed,1,DIAMOND,674
643,Spain,Female,32,2,0,1,0,0,131301.74,Stayed,2,SILVER,691
649,France,Male,47,1,0,2,1,1,145593.85,Stayed,4,GOLD,908
758,Germany,Male,33,0,129142.54,2,1,1,26606.28,Stayed,5,DIAMOND,464
707,France,Female,33,2,58036.33,1,1,1,83335.78,Stayed,1,GOLD,911
677,Germany,Female,44,4,148770.61,2,1,1,191057.76,Stayed,2,PLATINUM,277
774,France,Female,35,3,121418.62,1,1,1,24400.37,Stayed,4,DIAMOND,981
722,France,Female,35,2,163943.89,2,1,1,15068.18,Stayed,1,GOLD,883
604,France,Female,71,2,0,2,1,1,49506.82,Stayed,2,DIAMOND,687
756,France,Male,27,8,0,2,1,1,157932.75,Stayed,3,DIAMOND,281
830,Spain,Male,40,4,0,2,0,1,81622.52,Stayed,5,DIAMOND,543
699,France,Male,39,9,0,1,1,0,80963.92,Stayed,2,DIAMOND,966
757,France,Female,49,2,0,2,0,0,164482.92,Stayed,1,PLATINUM,265
725,France,Female,29,6,0,2,1,1,190776.83,Stayed,4,SILVER,826
643,Germany,Male,41,2,127841.52,1,1,0,172363.41,Stayed,5,GOLD,474
534,France,Female,23,5,104822.45,1,0,1,160176.47,Stayed,5,SILVER,915
688,Spain,Male,42,5,0,2,0,0,197602.29,Stayed,4,SILVER,378
671,Germany,Male,36,2,116695.27,1,0,0,193201.86,Stayed,3,GOLD,895
636,France,Female,45,7,139859.23,1,1,1,108402.54,Stayed,3,GOLD,393
536,Spain,Male,40,9,0,2,1,1,11959.03,Stayed,2,SILVER,238
581,Germany,Female,38,3,135157.05,1,1,1,32919.42,Stayed,3,SILVER,622
670,Germany,Female,32,4,102954.68,2,0,1,134942.45,Stayed,5,SILVER,244
531,Germany,Female,32,0,109570.21,2,1,1,172049.84,Stayed,3,GOLD,584
719,France,Female,54,7,0,2,1,1,125041.52,Stayed,4,DIAMOND,619
505,Germany,Male,43,6,127146.68,1,0,0,137565.87,Stayed,5,GOLD,903
704,France,Male,31,0,0,2,1,0,183038.33,Stayed,1,DIAMOND,349
561,France,Female,31,1,81480.27,2,1,1,65234.6,Stayed,1,DIAMOND,666
693,France,Male,38,7,198338.77,2,1,1,14278.18,Stayed,5,DIAMOND,991
678,France,Female,43,7,178074.33,1,0,0,110405.9,Stayed,3,DIAMOND,853
850,Germany,Male,32,2,128647.98,2,0,0,54416.18,Stayed,2,SILVER,607
641,Spain,Male,32,7,0,2,1,1,24267.28,Stayed,4,GOLD,652
445,Germany,Female,34,7,131082.17,2,1,1,70618,Stayed,4,PLATINUM,802
571,Spain,Female,22,3,108117.1,1,0,1,53328.7,Stayed,2,PLATINUM,920
496,Spain,Female,43,3,0,2,0,1,199505.53,Stayed,1,SILVER,494
593,France,Male,43,9,0,2,1,1,76357.43,Stayed,1,DIAMOND,931
504,Germany,Male,43,5,134740.19,2,1,0,181430.91,Stayed,1,SILVER,640
642,Germany,Male,22,10,111812.52,2,1,1,183045.46,Stayed,1,GOLD,729
487,Spain,Female,36,1,140137.15,1,1,0,194073.33,Stayed,2,DIAMOND,677
575,Spain,Female,37,9,133292.45,1,1,0,111175.09,Stayed,2,PLATINUM,506
809,France,Female,39,5,0,1,1,0,77705.75,Stayed,5,DIAMOND,754
724,Germany,Male,54,8,172192.49,1,1,1,136902.01,Stayed,2,SILVER,565
689,Germany,Male,45,0,130170.82,2,1,0,150856.38,Stayed,3,SILVER,855
671,Spain,Female,29,6,0,2,0,0,12048.67,Stayed,2,GOLD,328
619,France,Male,27,1,154483.98,1,1,0,156394.74,Stayed,2,SILVER,431
569,Spain,Female,34,6,144855.34,1,0,0,196555.32,Stayed,4,GOLD,697
832,Germany,Female,40,9,107648.94,2,1,1,134638.97,Stayed,2,PLATINUM,583
439,Spain,Female,32,3,138901.61,1,1,0,75685.97,Stayed,4,DIAMOND,913
849,France,Female,41,9,115465.28,1,1,0,103174.5,Stayed,3,GOLD,623
696,Spain,Female,51,5,0,2,1,0,55022.43,Stayed,4,SILVER,509
640,France,Female,30,6,107499.7,1,1,1,187632.22,Stayed,5,DIAMOND,663
683,France,Male,72,3,140997.26,1,0,1,52876.41,Stayed,3,SILVER,580
508,Germany,Female,41,5,82161.7,2,1,0,187776.49,Stayed,1,DIAMOND,231
636,Germany,Female,29,3,97325.15,1,0,1,131924.38,Stayed,3,SILVER,945
616,Spain,Female,36,6,132311.71,1,0,0,15462.84,Stayed,2,SILVER,268
633,France,Female,30,6,0,2,0,0,41642.29,Stayed,2,DIAMOND,565
607,Spain,Female,27,5,100912.19,1,0,0,7631.27,Stayed,4,GOLD,908
585,France,Female,67,5,113978.97,2,0,1,93146.11,Stayed,5,SILVER,580
574,Spain,Female,28,7,0,2,0,0,185660.3,Stayed,1,PLATINUM,626
681,Germany,Male,38,6,181804.34,2,1,1,57517.71,Stayed,1,SILVER,309
521,France,Male,37,2,0,2,1,1,86372.24,Stayed,5,SILVER,942
607,Spain,Male,40,1,112544.45,1,1,1,19842.22,Stayed,3,GOLD,538
599,Spain,Male,51,0,0,1,1,1,175235.99,Stayed,3,SILVER,220
653,Spain,Female,27,6,107751.68,2,1,1,33389.42,Stayed,3,GOLD,563
463,Spain,Female,35,2,0,2,1,1,1950.93,Stayed,2,DIAMOND,803
625,France,Female,38,7,0,1,1,0,164804.02,Stayed,1,DIAMOND,480
850,Germany,Male,32,3,137714.25,1,0,1,159403.68,Stayed,2,DIAMOND,814
660,Spain,Female,28,3,128929.88,1,1,1,198069.71,Stayed,2,SILVER,231
773,France,Male,64,2,145578.28,1,0,1,186172.85,Stayed,1,SILVER,630
721,Germany,Male,37,4,98459.6,1,0,0,90821.66,Stayed,3,GOLD,559
738,Spain,Male,38,5,177997.07,1,0,1,19233.41,Stayed,5,PLATINUM,799
795,Germany,Male,38,7,125903.22,2,1,1,127068.92,Stayed,5,GOLD,912
774,Germany,Male,36,9,130809.77,1,1,0,152290.28,Stayed,5,SILVER,560
594,Germany,Female,32,4,120074.97,2,1,1,162961.79,Stayed,2,DIAMOND,728
799,Spain,Male,38,2,0,2,1,1,59297.34,Stayed,1,DIAMOND,780
490,Germany,Female,41,0,139659.04,1,1,1,176254.12,Stayed,5,SILVER,312
568,Spain,Female,27,1,116320.68,1,0,1,45563.94,Stayed,4,DIAMOND,376
627,Spain,Male,44,6,0,1,1,1,114469.55,Stayed,5,SILVER,258
735,France,Male,50,2,0,2,0,1,147075.69,Stayed,3,GOLD,863
732,France,Female,35,3,0,2,1,0,90876.95,Stayed,3,SILVER,518
715,France,Male,32,8,175307.32,1,1,0,187051.23,Stayed,3,GOLD,672
724,France,Female,34,3,132352.69,1,1,0,80320.3,Stayed,4,DIAMOND,798
556,France,Male,38,2,114756.14,1,1,0,193214.05,Stayed,4,DIAMOND,820
815,Germany,Male,37,2,110777.26,2,1,0,2383.59,Stayed,3,GOLD,623
627,Germany,Female,30,6,57809.32,1,1,0,188258.49,Stayed,3,DIAMOND,545
531,France,Male,37,7,121854.45,1,1,0,147521.35,Stayed,1,PLATINUM,515
693,France,Male,43,6,128760.32,1,1,0,36342.79,Stayed,2,PLATINUM,488
850,France,Male,38,5,0,2,1,0,16491.64,Stayed,1,SILVER,829
625,France,Female,28,3,0,1,0,0,183646.41,Stayed,4,GOLD,718
815,Spain,Female,38,2,48387,1,1,0,184796.84,Stayed,3,DIAMOND,243
731,Spain,Male,33,1,0,1,1,0,130726.96,Stayed,1,GOLD,462
683,Germany,Female,35,5,95698.79,1,0,1,182566.76,Stayed,1,PLATINUM,986
569,Germany,Male,25,9,173459.45,2,1,1,44381.06,Stayed,3,GOLD,255
782,France,Male,32,9,0,1,1,1,87566.97,Stayed,5,SILVER,255
671,Germany,Female,44,0,84745.03,2,0,1,34673.98,Stayed,4,SILVER,863
713,France,Female,37,8,0,1,1,1,16403.41,Stayed,2,GOLD,444
718,France,Female,39,3,0,2,1,1,145355.11,Stayed,2,PLATINUM,709
771,Germany,Female,36,5,77846.9,1,0,0,99805.99,Stayed,5,PLATINUM,895
751,France,Male,43,1,114974.24,1,1,0,125920.54,Stayed,2,DIAMOND,907
724,Germany,Male,41,2,127892.57,2,0,1,199645.45,Stayed,4,DIAMOND,393
589,France,Male,38,2,0,1,1,0,79915.28,Stayed,2,SILVER,985
565,France,Male,36,6,106192.1,1,1,0,149575.59,Stayed,5,DIAMOND,237
568,France,Male,51,4,0,3,1,1,66586.56,Stayed,2,SILVER,573
821,Germany,Female,37,5,106453.53,2,0,1,127413,Stayed,5,GOLD,798
621,Germany,Female,34,2,91258.52,2,1,0,44857.4,Stayed,2,DIAMOND,607
736,Spain,Female,26,4,135889.13,1,1,1,165692.03,Stayed,4,PLATINUM,253
593,Germany,Female,41,4,119703.1,2,1,1,109783.29,Stayed,3,GOLD,814
706,Spain,Female,37,7,0,2,1,1,110899.3,Stayed,1,GOLD,799
613,France,Female,21,7,105627.95,1,1,1,36560.51,Stayed,5,GOLD,495
508,Spain,Male,54,10,0,1,1,1,175749.36,Stayed,3,GOLD,661
659,France,Male,31,4,118342.26,1,0,0,161574.19,Stayed,3,SILVER,391
563,France,Male,33,8,0,2,0,1,68815.05,Stayed,5,PLATINUM,983
730,Spain,Male,38,5,118866.36,1,1,1,163317.5,Stayed,1,DIAMOND,308
767,France,Male,36,3,139180.2,1,0,0,123880.19,Stayed,2,DIAMOND,277
641,France,Female,38,3,0,2,1,0,116466.19,Stayed,4,DIAMOND,975
772,France,Male,34,9,0,2,1,0,170980.86,Stayed,1,SILVER,870
684,France,Female,25,1,0,2,0,1,144978.47,Stayed,2,DIAMOND,904
658,France,Female,31,7,123974.96,1,1,0,102153.75,Stayed,3,DIAMOND,226
558,Germany,Female,32,1,108262.87,1,1,1,6935.31,Stayed,3,PLATINUM,259
685,Germany,Female,30,4,84958.6,2,0,1,194343.72,Stayed,2,GOLD,987
615,France,Male,39,4,133707.09,1,1,1,108152.75,Stayed,5,PLATINUM,358
712,Spain,Male,45,6,112994.65,1,0,0,198398.68,Stayed,1,SILVER,847
603,France,Male,45,9,0,1,0,0,148516.79,Stayed,5,PLATINUM,593
593,Germany,Male,74,5,161434.36,2,1,1,65532.17,Stayed,5,PLATINUM,264
781,France,Male,29,9,0,2,0,0,172097.4,Stayed,4,SILVER,867
606,Germany,Male,40,9,95293.86,2,0,1,96985.58,Stayed,4,PLATINUM,408
660,Germany,Female,23,6,166070.48,2,0,0,90494.72,Stayed,4,GOLD,313
614,Spain,Male,39,3,151914.93,1,0,0,56459.45,Stayed,4,PLATINUM,293
534,Spain,Male,51,3,0,2,0,1,20856.31,Stayed,5,GOLD,253
581,France,Male,37,7,0,2,1,1,74320.75,Stayed,1,SILVER,754
718,France,Female,29,3,0,1,0,1,134462.29,Stayed,4,PLATINUM,253
550,France,Male,25,0,0,2,1,1,184221.11,Stayed,5,PLATINUM,499
690,France,Male,35,6,112689.95,1,1,0,176962.31,Stayed,3,SILVER,828
489,Germany,Male,28,1,79460.98,2,1,1,167973.63,Stayed,3,PLATINUM,232
619,Germany,Male,41,3,147974.16,2,1,0,170518.83,Stayed,3,PLATINUM,699
850,Spain,Male,39,8,0,2,1,1,37090.44,Stayed,3,DIAMOND,995
587,Germany,Male,40,5,138241.9,2,1,0,159418.1,Stayed,5,SILVER,403
696,France,Male,28,4,172646.82,1,1,1,116471.43,Stayed,4,DIAMOND,441
850,France,Female,40,0,0,2,1,0,1099.95,Stayed,4,PLATINUM,980
706,Spain,Female,42,8,95386.82,1,1,1,75732.25,Stayed,5,SILVER,734
847,Spain,Female,37,9,112712.17,1,1,0,116097.26,Stayed,1,GOLD,355
663,Spain,Male,64,6,0,2,0,1,15876.52,Stayed,5,DIAMOND,653
592,France,Female,38,4,0,2,1,0,35338.96,Stayed,4,SILVER,305
612,Germany,Male,32,9,106520.73,2,1,0,177092.16,Stayed,3,GOLD,821
615,France,Female,30,9,0,1,1,0,87347.82,Stayed,3,SILVER,437
703,Spain,Male,29,9,0,2,1,0,50679.48,Stayed,3,DIAMOND,242
618,Spain,Male,32,5,133476.09,1,0,1,154843.4,Stayed,2,SILVER,734
490,Spain,Male,31,3,145260.23,1,0,1,114066.77,Stayed,4,SILVER,471
793,Spain,Male,29,8,96674.55,2,0,0,192120.66,Stayed,4,DIAMOND,558
782,Spain,Male,34,6,147422.44,1,0,1,42143.61,Stayed,5,GOLD,960
477,Spain,Female,48,2,129120.64,1,0,1,26475.79,Stayed,3,GOLD,238
656,France,Male,44,10,143571.52,1,0,0,127444.14,Stayed,1,DIAMOND,614
559,France,Male,28,3,141099.43,1,1,1,15607.27,Stayed,3,PLATINUM,328
567,France,Male,36,7,0,2,0,1,3896.08,Stayed,5,GOLD,914
544,France,Female,40,7,0,1,0,1,161076.92,Stayed,5,GOLD,265
615,Spain,Male,41,4,0,1,0,1,149278.96,Stayed,2,PLATINUM,404
698,Spain,Female,40,0,92053.44,1,1,1,143681.83,Stayed,4,DIAMOND,970
709,Spain,Male,62,3,0,2,1,1,82195.15,Stayed,4,SILVER,557
590,France,Male,36,1,0,2,1,0,48876.84,Stayed,1,SILVER,614
715,Spain,Male,38,2,96798.79,2,1,1,4554.67,Stayed,2,SILVER,294
831,Spain,Female,44,10,0,1,0,1,47729.33,Stayed,2,GOLD,924
445,Germany,Female,61,2,137655.31,1,0,1,29909.84,Stayed,3,PLATINUM,335
850,France,Male,40,6,124788.18,1,1,0,65612.12,Stayed,4,PLATINUM,657
730,Spain,Male,29,2,0,2,1,0,14174.09,Stayed,4,GOLD,523
793,Spain,Male,63,0,0,2,0,1,27166.75,Stayed,1,GOLD,529
410,France,Female,35,7,117183.74,1,1,1,109733.73,Stayed,2,SILVER,677
682,France,Female,37,8,148580.12,1,1,0,35179.18,Stayed,5,GOLD,643
608,Germany,Male,34,3,106288.54,1,1,1,36639.25,Stayed,3,SILVER,388
472,Spain,Female,32,1,159397.75,1,0,1,57323.18,Stayed,4,PLATINUM,829
593,France,Female,39,0,117704.73,1,1,0,197933.5,Stayed,4,DIAMOND,694
686,France,Male,38,6,149238.97,1,1,1,97825.23,Stayed,1,SILVER,816
695,Spain,Female,31,5,0,2,0,1,13998.88,Stayed,3,GOLD,583
416,Germany,Female,41,10,122189.66,2,1,0,98301.61,Stayed,3,SILVER,281
471,Spain,Male,26,8,0,2,1,1,179655.87,Stayed,4,GOLD,388
850,France,Male,40,6,97339.99,1,0,1,88815.25,Stayed,1,GOLD,756
642,France,Female,39,4,0,1,1,1,76821.24,Stayed,4,PLATINUM,445
656,France,Male,38,10,0,1,1,1,136521.82,Stayed,1,SILVER,894
796,France,Male,51,6,0,2,0,1,194733.28,Stayed,1,PLATINUM,804
584,Germany,Female,31,6,152622.34,1,1,0,99298.8,Stayed,5,DIAMOND,445
711,France,Male,33,1,0,1,0,0,41590.4,Stayed,3,SILVER,824
520,Spain,Female,30,4,145222.99,2,0,0,145160.96,Stayed,3,GOLD,779
846,France,Female,37,6,127103.97,1,1,1,41516.44,Stayed,1,SILVER,290
521,France,Male,22,5,0,2,1,1,99828.45,Stayed,1,PLATINUM,782
597,France,Female,29,1,132144.35,1,1,0,158086.33,Stayed,1,DIAMOND,718
767,Spain,Male,37,7,0,2,1,1,24734.25,Stayed,4,GOLD,234
576,France,Male,39,1,0,2,1,1,68814.23,Stayed,5,SILVER,366
607,Spain,Female,36,4,98266.3,1,1,1,46416.36,Stayed,1,PLATINUM,933
701,France,Male,39,2,0,2,1,1,82526.92,Stayed,4,DIAMOND,812
726,Spain,Female,56,2,105473.74,1,1,1,46044.7,Stayed,1,PLATINUM,747
669,France,Female,38,8,0,2,1,0,84049.16,Stayed,4,PLATINUM,800
472,France,Male,29,8,102490.27,1,0,1,181224.56,Stayed,4,SILVER,812
716,France,Female,23,2,94464.81,2,0,1,185900.88,Stayed,5,PLATINUM,351
729,France,Male,44,6,0,2,1,0,151733.43,Stayed,3,GOLD,807
787,France,Female,40,6,0,2,1,1,84151.98,Stayed,3,SILVER,598
615,France,Female,23,4,0,2,1,0,196476.19,Stayed,5,SILVER,773
628,France,Male,32,9,149136.31,2,1,1,16402.11,Stayed,3,GOLD,859
696,Spain,Male,28,8,0,1,0,0,176713.47,Stayed,3,SILVER,671
809,France,Male,38,3,0,2,1,1,80061.31,Stayed,3,DIAMOND,533
689,Germany,Female,28,2,64808.32,2,0,0,78591.15,Stayed,5,SILVER,730
537,France,Male,28,0,88963.31,2,1,1,189839.93,Stayed,5,SILVER,561
520,France,Male,35,9,105387.89,1,1,1,25059.06,Stayed,5,DIAMOND,471
733,Spain,Male,44,3,106070.89,1,0,1,101617.43,Stayed,4,PLATINUM,705
703,Germany,Female,26,1,97331.19,1,1,0,63717.49,Stayed,5,DIAMOND,425
575,France,Male,29,4,121823.4,2,1,1,50368.87,Stayed,4,PLATINUM,435
567,France,Male,39,5,0,2,0,0,168521.72,Stayed,3,GOLD,709
558,France,Male,32,10,105000.23,1,1,0,190019.61,Stayed,1,SILVER,644
677,France,Male,38,4,0,2,1,0,187800.63,Stayed,4,GOLD,664
809,France,Male,43,2,0,2,1,1,132908.07,Stayed,1,PLATINUM,706
471,Germany,Female,36,5,90063.74,2,1,1,96366.7,Stayed,1,SILVER,368
679,France,Female,33,1,0,2,0,0,69608.48,Stayed,5,DIAMOND,999
622,France,Male,31,5,106260.67,1,1,1,2578.43,Stayed,4,SILVER,660
503,Germany,Male,42,9,153279.39,1,1,1,151336.96,Stayed,4,DIAMOND,307
688,Germany,Female,40,8,150679.71,2,0,1,196226.38,Stayed,4,GOLD,645
637,France,Male,60,3,0,2,1,1,70174.03,Stayed,3,PLATINUM,230
683,Germany,Female,39,2,47685.47,2,1,1,86019.48,Stayed,4,SILVER,649
724,France,Male,34,2,154485.74,2,0,0,78560.64,Stayed,1,DIAMOND,518
577,Spain,Female,40,1,0,2,1,1,108787,Stayed,1,GOLD,530
630,Germany,Female,23,4,137964.51,1,0,1,174570.55,Stayed,1,DIAMOND,978
656,France,Male,41,2,0,2,1,0,158973.77,Stayed,1,PLATINUM,902
573,Spain,Male,38,4,0,2,1,1,196517.43,Stayed,5,PLATINUM,533
535,France,Male,38,8,85982.07,1,1,0,9238.35,Stayed,3,DIAMOND,774
646,France,Male,18,10,0,2,0,1,52795.15,Stayed,5,GOLD,938
731,France,Male,31,1,132512.26,1,1,1,185466.85,Stayed,3,SILVER,960
596,Spain,Male,41,5,0,2,0,1,141053.85,Stayed,4,SILVER,906
793,Spain,Male,38,9,0,2,1,0,88225.02,Stayed,1,SILVER,690
792,Spain,Female,40,7,0,1,1,0,141652.2,Stayed,1,DIAMOND,538
684,Germany,Male,59,9,122471.09,1,0,1,15807.07,Stayed,3,PLATINUM,605
603,France,Male,44,9,0,1,1,0,138328.24,Stayed,5,DIAMOND,696
793,Germany,Female,32,1,96408.98,1,1,1,138191.81,Stayed,5,DIAMOND,338
633,France,Female,34,3,123034.43,2,1,1,38315.04,Stayed,4,GOLD,570
729,Germany,Male,40,5,113574.61,2,1,0,103396.08,Stayed,4,SILVER,995
537,France,Male,37,6,0,1,1,1,17802.42,Stayed,2,PLATINUM,336
653,Germany,Female,25,2,158266.42,3,1,1,199357.24,Stayed,4,GOLD,630
649,France,Male,41,0,0,2,0,1,130567.02,Stayed,4,GOLD,547
810,France,Male,33,6,0,2,1,1,77965.67,Stayed,4,DIAMOND,520
791,Germany,Female,35,7,52436.2,1,1,0,161051.75,Stayed,2,SILVER,650
762,Spain,Female,69,9,183744.98,1,1,1,196993.69,Stayed,3,DIAMOND,323
751,Germany,Female,28,10,132932.14,2,1,1,46630.47,Stayed,5,DIAMOND,411
679,France,Male,39,0,86843.61,1,0,1,159830.58,Stayed,5,PLATINUM,1000
529,France,Male,61,1,0,2,1,1,191370.97,Stayed,5,SILVER,589
593,France,Female,29,2,152265.43,1,1,0,34004.44,Stayed,1,SILVER,907
828,France,Male,31,9,0,1,0,1,164257.37,Stayed,3,GOLD,421
497,Spain,Male,27,7,149400.27,1,0,0,167522.19,Stayed,4,GOLD,423
688,Germany,Male,45,9,103399.87,1,0,0,129870.93,Stayed,1,PLATINUM,632
744,France,Female,38,9,0,2,0,0,20940.76,Stayed,5,PLATINUM,629
720,France,Female,43,6,137824.03,2,1,0,172557.77,Stayed,4,GOLD,506
728,France,Female,69,1,0,2,1,1,131804.86,Stayed,4,PLATINUM,341
786,Spain,Male,29,7,80895.44,2,1,0,64945.57,Stayed,1,DIAMOND,841
652,Spain,Male,41,8,115144.68,1,1,0,188905.43,Stayed,4,SILVER,900
643,France,Male,39,7,0,2,1,1,170392.59,Stayed,3,PLATINUM,677
679,Germany,Male,35,1,110245.13,1,1,1,178291.09,Stayed,5,GOLD,728
591,Spain,Male,31,8,0,1,1,1,141677.33,Stayed,1,GOLD,997
597,France,Male,44,8,78128.13,2,0,1,109153.04,Stayed,1,PLATINUM,220
571,Spain,Female,31,3,0,2,1,1,194667.92,Stayed,2,PLATINUM,492
515,France,Female,28,9,0,2,0,0,94141.75,Stayed,3,PLATINUM,772
631,Spain,Female,41,0,0,1,0,0,87959.83,Stayed,2,PLATINUM,557
405,Germany,Male,31,5,133299.67,2,1,1,72950.14,Stayed,3,SILVER,634
529,Spain,Male,35,5,95772.97,1,1,1,112781.5,Stayed,5,DIAMOND,619
677,France,Female,27,2,0,2,0,1,114685.92,Stayed,2,PLATINUM,273
585,France,Female,33,4,152805.05,1,1,0,63239.65,Stayed,1,GOLD,385
555,France,Male,40,10,139930.18,1,1,1,105720.09,Stayed,1,SILVER,872
641,France,Female,53,0,123835.52,2,0,1,160110.65,Stayed,5,SILVER,223
655,Germany,Female,72,5,138089.97,2,1,1,99920.41,Stayed,3,GOLD,766
489,Germany,Male,38,2,126444.08,2,1,1,82662.73,Stayed,4,SILVER,526
496,France,Female,36,7,0,2,0,0,108098.28,Stayed,4,GOLD,289
746,France,Male,37,2,0,2,1,0,143194.05,Stayed,4,DIAMOND,415
678,France,Female,32,9,0,1,1,1,148210.64,Stayed,4,GOLD,983
683,France,Male,41,6,95696.52,2,1,1,184366.14,Stayed,5,GOLD,459
657,France,Female,28,7,0,2,0,1,5177.62,Stayed,5,SILVER,352
620,Germany,Female,34,8,102251.57,1,1,0,120672.09,Stayed,4,SILVER,663
825,France,Male,29,3,148874.01,2,0,1,71192.82,Stayed,3,DIAMOND,346
787,Germany,Female,42,2,74483.97,2,0,1,44273.91,Stayed,3,GOLD,569
659,France,Male,54,8,133436.52,1,1,0,56787.8,Stayed,4,DIAMOND,344
670,France,Male,38,7,0,2,1,1,77864.41,Stayed,1,GOLD,794
498,France,Male,33,1,198113.86,1,1,0,69664.35,Stayed,2,PLATINUM,694
577,France,Female,30,8,92472.1,2,0,1,126434.61,Stayed,4,SILVER,569
681,France,Male,29,8,0,1,1,0,66367.33,Stayed,2,GOLD,479
726,France,Male,31,9,0,2,1,1,106117.3,Stayed,3,GOLD,624
850,Germany,Male,27,1,101278.25,2,1,1,26265.18,Stayed,4,SILVER,859
496,France,Male,31,5,0,2,1,0,93713.13,Stayed,3,DIAMOND,836
783,Germany,Female,42,2,139707.28,1,1,0,2150.22,Stayed,2,GOLD,501
516,Spain,Female,45,8,109044.3,1,0,1,115818.16,Stayed,5,GOLD,229
645,France,Male,42,4,98298.18,1,1,1,676.06,Stayed,4,DIAMOND,234
553,France,Male,38,3,99844.68,1,0,0,187915.7,Stayed,1,DIAMOND,869
553,France,Male,37,1,0,1,1,0,30461.55,Stayed,5,DIAMOND,623
596,Germany,Male,32,3,96709.07,2,0,0,41788.37,Stayed,1,GOLD,709
687,Germany,Male,38,4,117633.28,1,0,1,88396.6,Stayed,5,DIAMOND,827
489,France,Female,38,5,117289.92,1,0,0,85231.88,Stayed,2,GOLD,655
568,Spain,Male,39,5,0,2,1,1,129569.92,Stayed,4,SILVER,594
633,Germany,Male,29,6,117412.35,1,0,0,30338.94,Stayed,4,SILVER,341
601,Spain,Male,28,6,0,2,1,0,14665.28,Stayed,4,PLATINUM,541
733,France,Male,64,3,0,2,1,1,75272.63,Stayed,3,GOLD,842
445,Spain,Male,45,10,0,2,0,1,90977.48,Stayed,1,SILVER,797
645,Germany,Male,49,4,160133.88,1,0,1,88391.97,Stayed,4,GOLD,720
644,Spain,Female,26,4,153455.72,2,1,1,82696.84,Stayed,5,PLATINUM,944
677,France,Female,37,3,0,2,1,1,38252.25,Stayed,3,PLATINUM,654
732,Spain,Male,33,8,0,1,1,0,119882.7,Stayed,2,DIAMOND,741
846,Spain,Male,61,0,0,2,1,1,96202.44,Stayed,1,PLATINUM,292
842,Spain,Male,46,9,0,1,0,0,17268.02,Stayed,1,SILVER,675
615,Germany,Male,43,3,86920.86,1,1,1,150048.37,Stayed,1,DIAMOND,579
654,Germany,Male,37,2,145610.07,2,0,0,186300.59,Stayed,5,SILVER,458
715,France,Female,32,10,0,2,1,0,60907.49,Stayed,3,DIAMOND,852
540,Spain,Female,31,10,118158.74,1,1,1,158027.57,Stayed,4,SILVER,645
612,France,Male,41,5,0,3,0,0,151256.22,Stayed,4,DIAMOND,327
797,Spain,Female,31,8,0,2,1,0,117916.63,Stayed,5,DIAMOND,346
611,France,Female,26,2,107508.93,2,1,1,120801.65,Stayed,4,DIAMOND,720
767,France,Female,35,6,115576.44,1,0,1,27922.45,Stayed,3,PLATINUM,633
640,France,Female,20,4,0,2,0,1,78310.82,Stayed,5,SILVER,670
684,France,Female,27,9,122550.05,2,0,1,137835.82,Stayed,2,GOLD,807
692,France,Female,30,7,0,2,1,1,18826.34,Stayed,3,DIAMOND,973
745,Spain,Female,59,8,0,1,1,1,36124.98,Stayed,2,DIAMOND,949
593,Spain,Male,26,9,76226.9,1,1,0,167564.82,Stayed,5,GOLD,608
683,Spain,Male,35,9,61172.04,1,0,0,82951.12,Stayed,3,GOLD,306
606,Spain,Male,34,3,161572.24,1,0,1,191076.22,Stayed,3,PLATINUM,893
569,France,Male,37,9,178755.84,1,1,0,199929.17,Stayed,5,GOLD,255
606,Spain,Male,33,8,0,2,1,1,63176.77,Stayed,2,DIAMOND,640
640,France,Female,31,9,138857.59,1,1,0,48640.77,Stayed,1,SILVER,686
692,France,Male,28,5,61581.97,1,1,1,70179.91,Stayed,3,SILVER,963
593,France,Male,35,9,114193.24,1,1,0,71154.1,Stayed,5,DIAMOND,660
561,Germany,Male,49,5,94754,1,1,1,26691.31,Stayed,5,DIAMOND,760
431,Germany,Male,45,5,83624.55,2,0,0,36899.62,Stayed,2,DIAMOND,838
681,Spain,Male,67,7,0,2,0,1,163714.92,Stayed,1,SILVER,444
630,France,Male,40,8,0,2,1,1,42495.81,Stayed,3,DIAMOND,960
590,Spain,Female,23,7,0,2,1,0,196789.9,Stayed,1,SILVER,469
850,France,Female,35,9,0,2,0,0,25329.48,Stayed,1,SILVER,998
426,France,Female,34,3,0,2,1,1,61230.83,Stayed,4,DIAMOND,353
641,France,Female,35,4,0,2,0,0,125986.18,Stayed,4,PLATINUM,757
781,France,Female,38,3,128345.69,2,1,0,63218.85,Stayed,2,SILVER,608
648,France,Female,50,9,102535.57,1,1,1,189543.19,Stayed,5,DIAMOND,332
552,Spain,Male,45,9,0,2,1,0,26752.56,Stayed,2,DIAMOND,723
639,France,Male,32,9,0,2,1,0,111340.36,Stayed,4,GOLD,846
587,Spain,Male,48,1,0,2,1,1,8908,Stayed,5,DIAMOND,660
818,France,Male,36,4,0,2,1,1,8037.03,Stayed,2,GOLD,266
751,Spain,Male,52,8,0,2,0,1,179291.85,Stayed,5,SILVER,629
791,France,Male,36,6,111168.97,1,1,1,189969.91,Stayed,1,DIAMOND,741
593,Germany,Male,69,2,187013.13,2,0,1,105898.69,Stayed,1,GOLD,952
724,France,Female,69,5,117866.92,1,1,1,62280.91,Stayed,3,PLATINUM,876
713,France,Male,36,8,133889.35,1,1,1,143265.65,Stayed,1,SILVER,357
547,Spain,Female,31,9,0,2,0,0,99294.22,Stayed,2,GOLD,470
770,France,Male,36,2,89800.14,1,1,1,105922.69,Stayed,1,SILVER,676
712,France,Male,35,7,124616.23,1,1,1,69320.97,Stayed,3,PLATINUM,744
731,Spain,Female,39,2,0,2,1,0,136737.13,Stayed,2,SILVER,665
708,Spain,Male,40,8,83015.71,1,1,0,101089.76,Stayed,3,DIAMOND,699
530,France,Female,48,0,0,1,1,0,85081.09,Stayed,2,PLATINUM,737
703,Spain,Male,39,6,152685.4,1,0,0,183656.12,Stayed,2,DIAMOND,994
543,France,Male,64,4,0,2,1,1,148305.82,Stayed,5,GOLD,701
479,Germany,Male,24,6,107637.97,2,0,1,169505.83,Stayed,5,PLATINUM,456
694,France,Male,36,3,97530.25,1,1,1,117140.41,Stayed,5,SILVER,522
661,Spain,Female,35,5,128415.45,1,1,0,142626.49,Stayed,5,SILVER,969
665,France,Male,28,8,191402.82,2,1,0,83238.4,Stayed,4,SILVER,320
730,France,Male,34,5,122453.37,2,1,0,138882.98,Stayed,4,DIAMOND,822
483,France,Female,30,9,0,2,0,0,136356.97,Stayed,3,PLATINUM,970
687,France,Male,38,0,144450.58,1,0,1,137276.83,Stayed,3,SILVER,385
611,Germany,Male,31,0,107884.81,2,1,1,183487.98,Stayed,2,DIAMOND,388
537,Spain,Female,38,6,141786.78,1,0,1,147797.54,Stayed,2,GOLD,524
642,France,Male,25,7,0,2,1,0,102083.78,Stayed,3,SILVER,905
756,Spain,Male,29,2,117412.19,2,1,0,4888.91,Stayed,1,DIAMOND,565
566,Germany,Female,44,5,141428.99,2,0,0,68408.74,Stayed,4,SILVER,459
704,France,Male,44,3,0,2,0,1,152884.85,Stayed,5,DIAMOND,323
663,France,Male,45,5,83195.12,1,1,1,48682.1,Stayed,2,GOLD,290
661,Spain,Female,28,7,95357.49,1,0,0,102297.15,Stayed,5,GOLD,508
661,France,Male,33,9,0,2,1,1,84174.81,Stayed,2,DIAMOND,873
480,France,Male,35,2,165692.91,1,1,1,197984.58,Stayed,5,GOLD,592
681,France,Female,58,8,93173.88,1,1,1,139761.25,Stayed,2,DIAMOND,797
442,France,Male,34,4,0,2,1,0,68343.08,Stayed,5,DIAMOND,529
652,France,Male,27,10,107303.72,2,0,0,44435.76,Stayed,2,GOLD,986
728,France,Female,34,6,90425.15,2,1,1,11597.69,Stayed,1,SILVER,439
769,France,Male,51,9,156773.78,2,1,0,40257.79,Stayed,4,PLATINUM,401
650,France,Female,39,4,0,2,0,0,186275.7,Stayed,2,DIAMOND,802
706,Germany,Male,34,0,140641.26,2,1,1,77271.91,Stayed,3,GOLD,288
710,France,Female,41,2,156067.05,1,1,1,9983.88,Stayed,4,DIAMOND,678
686,Spain,Male,22,8,0,2,0,0,142331.85,Stayed,2,GOLD,467
719,Spain,Female,32,7,0,1,0,0,76264.27,Stayed,3,PLATINUM,677
494,France,Male,25,6,0,2,0,1,109988.09,Stayed,1,PLATINUM,376
569,Spain,Male,35,3,116969.35,1,0,0,94488.82,Stayed,1,GOLD,413
521,Spain,Male,29,3,60280.62,1,1,0,154271.41,Stayed,3,DIAMOND,700
526,Germany,Female,32,6,131938.92,2,1,1,1795.93,Stayed,4,SILVER,414
629,Spain,Male,39,5,0,2,0,0,116748.14,Stayed,5,GOLD,839
511,Germany,Female,75,9,105609.17,1,0,1,105425.18,Stayed,4,DIAMOND,567
571,France,Male,41,8,0,1,1,1,63736.17,Stayed,4,SILVER,681
675,Spain,Male,32,10,0,2,1,0,191545.65,Stayed,3,GOLD,610
597,Spain,Male,38,6,115702.67,2,1,1,25059.05,Stayed,4,DIAMOND,486
789,Germany,Male,51,3,104677.09,1,1,0,74265.38,Stayed,1,DIAMOND,759
704,Spain,Male,38,6,106687.76,1,1,0,173776.5,Stayed,4,GOLD,546
520,Germany,Female,23,3,116022.53,2,1,1,37577.66,Stayed,1,GOLD,342
602,Germany,Male,38,2,71667.97,2,0,0,137111.89,Stayed,3,DIAMOND,280
544,France,Female,32,9,110728.39,1,1,1,14559.62,Stayed,1,SILVER,629
485,Spain,Male,32,6,102238.01,2,1,1,194010.12,Stayed,4,PLATINUM,784
731,Spain,Female,37,1,128932.4,1,1,1,180712.52,Stayed,4,SILVER,868
528,Spain,Male,36,7,0,2,1,0,60536.56,Stayed,5,SILVER,458
843,France,Female,38,8,134887.53,1,1,1,10804.04,Stayed,1,DIAMOND,923
638,France,Female,34,7,0,2,1,1,198969.78,Stayed,4,SILVER,577
711,France,Female,37,8,113899.92,1,0,0,80215.2,Stayed,3,SILVER,436
739,France,Male,58,2,101579.28,1,1,1,72168.53,Stayed,5,SILVER,277
807,France,Male,35,3,174790.15,1,1,1,600.36,Stayed,3,SILVER,861
604,Spain,Male,27,9,101352.78,1,0,0,30252.3,Stayed,2,DIAMOND,799
806,Spain,Male,25,7,0,2,1,0,18461.9,Stayed,4,PLATINUM,767
773,Germany,Female,36,4,105858.71,1,0,1,4395.45,Stayed,2,DIAMOND,564
640,France,Female,33,1,167298.42,1,0,1,145381.65,Stayed,1,SILVER,892
790,France,Female,33,10,135120.72,1,0,0,195204.99,Stayed,3,DIAMOND,522
680,Spain,Female,31,9,119825.75,2,1,1,101139.3,Stayed,5,DIAMOND,307
583,France,Male,59,7,127450.14,1,0,1,67552.71,Stayed,2,GOLD,992
724,Germany,Male,33,5,103564.83,2,1,0,121085.72,Stayed,1,GOLD,352
666,France,Male,36,3,0,2,1,0,35156.54,Stayed,2,DIAMOND,995
586,Spain,Male,29,2,132450.24,1,1,1,36176.63,Stayed,3,DIAMOND,423
821,Germany,Male,42,3,87807.29,2,1,1,64613.81,Stayed,2,SILVER,716
743,Spain,Male,35,6,79388.33,1,1,1,193360.69,Stayed,3,DIAMOND,585
805,France,Female,31,4,0,2,1,0,4798.12,Stayed,2,PLATINUM,863
566,Germany,Female,40,2,97001.36,2,1,0,154486.01,Stayed,1,DIAMOND,719
487,Spain,Male,33,8,145729.71,1,1,0,41365.85,Stayed,2,DIAMOND,675
594,Germany,Male,18,1,132694.73,1,1,0,167689.56,Stayed,3,SILVER,323
679,Germany,Female,32,0,88335.05,1,0,0,159584.81,Stayed,5,DIAMOND,641
850,France,Male,39,4,127771.35,2,0,1,151738.54,Stayed,4,PLATINUM,404
444,France,Male,34,2,144318.97,1,1,0,112668.06,Stayed,4,SILVER,310
734,Germany,Female,47,10,91522.04,2,1,1,138835.91,Stayed,4,SILVER,993
510,France,Female,22,3,156834.34,1,0,0,44374.44,Stayed,2,DIAMOND,821
786,France,Female,62,8,0,1,1,1,165702.64,Stayed,2,SILVER,765
641,France,Male,77,9,0,3,1,1,81514.06,Stayed,4,PLATINUM,846
479,Spain,Male,27,2,172463.45,1,1,1,40315.27,Stayed,3,DIAMOND,704
685,France,Male,23,8,0,2,1,1,112239.03,Stayed,2,SILVER,543
844,France,Female,29,8,0,2,0,0,147342.03,Stayed,3,PLATINUM,807
636,Germany,Male,34,2,40105.51,2,0,1,53512.16,Stayed,3,DIAMOND,356
452,Germany,Male,33,7,153663.27,1,1,0,111868.23,Stayed,4,SILVER,294
789,Germany,Male,33,8,151607.56,1,1,0,4389.4,Stayed,4,SILVER,513
616,France,Female,37,6,0,2,1,0,86242.18,Stayed,2,PLATINUM,850
709,France,Male,39,8,0,2,1,0,56214.09,Stayed,3,GOLD,958
683,France,Female,40,1,0,2,0,0,75762,Stayed,3,GOLD,288
639,France,Female,38,4,81550.94,2,0,1,118974.77,Stayed,4,GOLD,860
808,Spain,Male,47,8,139196,1,0,1,74028.36,Stayed,2,SILVER,801
637,Spain,Female,54,5,0,1,0,1,150836.98,Stayed,2,PLATINUM,259
578,France,Male,34,4,175111.11,1,1,1,74858.3,Stayed,2,SILVER,311
619,France,Female,30,7,70729.17,1,1,1,160948.87,Stayed,1,DIAMOND,962
517,France,Male,41,2,0,2,0,1,75937.47,Stayed,4,SILVER,540
727,France,Male,28,5,0,2,0,1,19653.08,Stayed,3,GOLD,351
589,Germany,Female,36,9,140355.56,2,1,0,136329.96,Stayed,2,PLATINUM,236
649,France,Female,52,8,49113.75,1,1,0,41858.43,Stayed,1,SILVER,673
687,France,Female,34,9,125474.44,1,1,0,198929.84,Stayed,1,GOLD,565
850,France,Male,30,9,121535.18,1,0,0,40313.47,Stayed,1,GOLD,531
506,Spain,Male,32,8,0,2,0,1,182692.8,Stayed,4,DIAMOND,671
719,Spain,Male,35,1,100829.94,1,1,1,165008.97,Stayed,3,GOLD,657
775,France,Male,45,8,0,1,1,0,130376.68,Stayed,4,DIAMOND,805
711,France,Male,28,8,0,2,1,1,64286.39,Stayed,2,GOLD,997
613,France,Male,37,9,108286.5,1,1,1,114153.44,Stayed,5,GOLD,656
539,France,Male,20,0,83459.86,1,1,1,146752.67,Stayed,4,DIAMOND,814
628,Spain,Female,22,3,0,1,1,0,85426.28,Stayed,4,DIAMOND,483
661,France,Male,26,8,0,2,0,0,196875.87,Stayed,4,GOLD,547
777,France,Male,29,2,0,2,1,0,124489.88,Stayed,2,DIAMOND,695
584,Germany,Female,41,3,88594.93,1,1,0,178997.89,Stayed,3,SILVER,822
591,Germany,Male,46,4,129269.27,1,1,0,163504.33,Stayed,1,GOLD,290
685,Spain,Male,38,4,0,2,1,1,35884.91,Stayed,4,DIAMOND,966
703,France,Male,28,9,0,2,0,1,2151.17,Stayed,1,SILVER,462
740,France,Female,37,7,0,2,1,1,194270.91,Stayed,1,DIAMOND,741
755,France,Male,42,2,119919.12,1,1,0,156868.21,Stayed,1,PLATINUM,765
635,France,Female,78,6,47536.4,1,1,1,119400.08,Stayed,4,GOLD,896
663,France,Male,36,10,0,2,1,0,136349.55,Stayed,5,PLATINUM,839
641,France,Female,40,7,0,1,1,0,126996.67,Stayed,4,GOLD,596
572,France,Female,47,2,0,2,1,0,36099.7,Stayed,4,GOLD,991
584,France,Male,38,1,115341.55,1,0,1,173632.92,Stayed,2,DIAMOND,665
619,Spain,Female,31,3,141751.82,1,0,1,61531.86,Stayed,4,DIAMOND,241
616,France,Male,31,1,0,2,1,1,54706.75,Stayed,3,DIAMOND,852
500,Germany,Male,30,2,125495.64,2,1,1,68807.47,Stayed,3,SILVER,276
543,France,Female,42,5,0,2,0,0,101905.34,Stayed,2,SILVER,266
757,France,Male,23,2,80673.96,2,1,0,93991.65,Stayed,5,DIAMOND,277
622,Spain,Female,58,2,0,2,1,1,33277.31,Stayed,5,PLATINUM,746
725,Germany,Female,39,5,116803.8,1,1,0,124052.97,Stayed,2,GOLD,763
608,France,Male,33,4,0,1,0,1,130474.03,Stayed,1,PLATINUM,381
635,Spain,Male,31,1,0,2,1,0,135382.23,Stayed,5,PLATINUM,510
535,France,Female,45,2,0,2,0,1,170621.55,Stayed,4,GOLD,921
720,Spain,Male,33,6,97188.62,1,0,0,91881.29,Stayed,4,SILVER,605
461,Germany,Female,34,5,63663.93,1,0,1,167784.28,Stayed,1,SILVER,497
667,Spain,Male,31,5,0,2,1,1,20346.69,Stayed,4,PLATINUM,823
592,Spain,Female,40,2,200322.45,1,1,1,113244.73,Stayed,5,PLATINUM,482
551,France,Male,43,7,0,2,1,0,178393.68,Stayed,1,PLATINUM,972
505,Germany,Male,40,6,47869.69,2,1,1,155061.97,Stayed,1,DIAMOND,910
502,France,Male,37,10,0,1,1,1,76642.68,Stayed,5,GOLD,620
844,France,Male,38,7,111501.66,1,1,1,119333.38,Stayed,5,SILVER,962
592,Spain,Male,37,9,0,3,1,1,10656.89,Stayed,1,DIAMOND,413
640,Spain,Female,46,3,0,1,1,1,156260.08,Stayed,1,GOLD,777
689,Spain,Female,28,3,0,2,1,1,192449.02,Stayed,4,SILVER,731
757,Germany,Male,36,1,65349.71,1,0,0,64539.64,Stayed,2,SILVER,788
663,Germany,Male,28,8,123674.28,2,1,1,87985.2,Stayed,1,SILVER,925
751,Germany,Male,54,9,156367.6,2,0,1,116179.92,Stayed,1,SILVER,676
756,Germany,Male,36,2,136815.64,1,1,1,170041.95,Stayed,5,DIAMOND,236
634,Germany,Male,37,1,89696.84,2,1,1,193179.88,Stayed,2,GOLD,725
552,France,Female,34,5,0,2,1,1,1351.41,Stayed,3,SILVER,712
730,Spain,Female,43,1,103960.38,1,1,1,193650.16,Stayed,2,DIAMOND,348
820,Spain,Male,34,10,97208.46,1,1,1,59553.34,Stayed,2,GOLD,827
521,France,Male,25,7,0,2,1,1,157878.67,Stayed,1,SILVER,323
812,Germany,Male,25,5,54817.55,1,1,0,131660.31,Stayed,3,PLATINUM,985
585,Spain,Female,44,4,0,2,0,1,101728.46,Stayed,4,DIAMOND,762
680,France,Female,32,5,0,1,1,1,150684.23,Stayed,5,GOLD,589
521,France,Female,39,6,0,2,0,1,27375.15,Stayed,5,GOLD,843
641,Spain,Male,42,9,132657.55,1,1,0,35367.19,Stayed,3,GOLD,351
544,France,Female,21,10,161525.96,2,1,0,9262.77,Stayed,2,PLATINUM,458
581,Spain,Male,46,2,79385.21,2,0,0,188492.82,Stayed,1,GOLD,639
513,Spain,Female,42,10,0,2,0,1,73151.25,Stayed,5,DIAMOND,809
850,France,Male,19,8,0,1,1,1,68569.89,Stayed,3,GOLD,615
774,Spain,Female,43,1,110646.54,1,0,0,108804.28,Stayed,4,GOLD,597
711,France,Female,39,3,152462.79,1,1,0,90305.97,Stayed,5,PLATINUM,851
733,France,Male,39,1,0,2,1,1,141841.31,Stayed,5,SILVER,367
634,Germany,Male,38,2,148430.55,1,1,1,56055.72,Stayed,5,PLATINUM,808
824,France,Male,45,3,129209.48,1,0,0,60151.77,Stayed,2,DIAMOND,907
635,Spain,Male,29,2,0,2,0,0,117173.8,Stayed,1,GOLD,624
555,France,Male,40,10,43028.77,1,1,0,170514.21,Stayed,2,GOLD,997
513,France,Female,43,9,0,2,1,0,152499.8,Stayed,1,SILVER,301
685,Germany,Male,30,3,90536.81,1,0,1,63082.88,Stayed,4,SILVER,347
589,Spain,Female,27,4,0,2,1,0,144181.48,Stayed,2,GOLD,908
785,France,Male,36,2,0,1,0,1,61811.1,Stayed,2,PLATINUM,607
579,Germany,Male,40,10,45408.85,2,1,0,18732.91,Stayed,5,PLATINUM,696
520,France,Female,29,8,95947.76,1,1,0,4696.44,Stayed,5,GOLD,617
611,France,Female,40,2,125879.29,1,1,0,93203.43,Stayed,4,PLATINUM,319
668,France,Male,46,0,0,2,0,0,29388.02,Stayed,1,PLATINUM,419
695,France,Female,42,0,0,2,0,1,140724.64,Stayed,1,PLATINUM,875
564,Spain,Female,24,6,149592.14,1,1,1,153771.8,Stayed,2,GOLD,301
807,Spain,Male,42,5,0,2,1,1,74900.9,Stayed,2,DIAMOND,791
716,France,Female,22,8,0,2,1,1,92606.98,Stayed,2,SILVER,655
459,Germany,Male,50,5,109387.9,1,1,0,155721.15,Stayed,3,PLATINUM,894
523,France,Male,22,8,123374.46,1,1,1,124906.59,Stayed,4,PLATINUM,862
660,France,Male,30,7,146301.31,1,0,0,96847.91,Stayed,1,PLATINUM,950
688,Spain,Female,46,8,155681.72,1,1,0,26287.21,Stayed,3,SILVER,984
601,Germany,Female,49,4,96252.98,2,1,0,104263.82,Stayed,4,GOLD,390
465,Germany,Male,24,6,156007.09,1,1,0,191368.37,Stayed,4,DIAMOND,865
564,Germany,Male,33,3,109341.87,1,1,0,75632.78,Stayed,5,SILVER,422
600,France,Female,26,6,108909.12,1,1,0,82547.01,Stayed,4,SILVER,804
823,France,Male,71,5,149105.08,1,0,1,162683.06,Stayed,5,PLATINUM,915
570,France,Male,23,2,0,1,0,0,198830.98,Stayed,4,DIAMOND,534
730,France,Female,22,9,65763.57,1,1,1,145792.01,Stayed,5,SILVER,447
710,France,Male,38,3,130588.82,1,1,1,154997.64,Stayed,4,GOLD,290
595,Germany,Female,41,2,138878.81,1,0,1,112269.67,Stayed,5,SILVER,530
639,France,Male,22,4,0,2,1,0,28188.96,Stayed,2,GOLD,416
778,France,Female,34,7,109564.1,1,0,1,113046.81,Stayed,2,PLATINUM,758
508,France,Female,41,5,0,2,1,1,94170.84,Stayed,3,PLATINUM,821
677,Spain,Female,35,0,0,2,0,0,76637.38,Stayed,4,SILVER,889
759,France,Female,31,1,109848.6,1,1,1,42012.55,Stayed,5,SILVER,299
571,France,Female,33,1,0,2,1,0,102750.7,Stayed,2,GOLD,722
704,France,Male,24,2,148197.15,2,1,0,182775.08,Stayed,1,PLATINUM,871
619,France,Female,28,3,0,2,1,0,53394.12,Stayed,3,PLATINUM,658
681,France,Female,37,7,69609.85,1,1,1,72127.83,Stayed,3,SILVER,395
498,Germany,Male,37,8,108432.88,2,1,1,14865.05,Stayed,3,DIAMOND,457
648,Spain,Male,35,7,0,2,1,1,78436.36,Stayed,2,SILVER,853
674,France,Female,31,1,0,1,1,0,128954.05,Stayed,2,SILVER,778
763,France,Female,35,7,115651.6,2,1,1,104706.29,Stayed,4,DIAMOND,231
650,France,Female,47,9,0,1,1,0,187943.6,Stayed,4,DIAMOND,600
678,France,Male,38,3,0,2,1,0,66561.6,Stayed,1,SILVER,331
544,France,Male,44,1,0,2,0,0,69244.24,Stayed,2,GOLD,926
501,France,Female,39,9,117301.66,1,0,0,182025.95,Stayed,5,SILVER,721
746,France,Male,25,9,0,2,0,1,88728.47,Stayed,3,SILVER,746
611,Spain,Female,28,3,96381.68,2,1,0,181419.29,Stayed,3,GOLD,855
512,France,Male,40,5,0,2,1,1,146457.83,Stayed,3,DIAMOND,435
598,France,Male,35,8,114212.6,1,1,1,74322.85,Stayed,2,PLATINUM,629
678,Germany,Female,40,8,128644.46,1,0,0,167673.37,Stayed,2,GOLD,751
519,France,Male,36,9,0,2,0,1,145562.4,Stayed,2,PLATINUM,833
662,France,Male,38,0,105271.56,1,0,1,179833.45,Stayed,1,GOLD,539
625,Spain,Female,49,2,80816.45,1,1,1,20018.79,Stayed,1,PLATINUM,677
822,France,Male,50,7,0,2,1,1,10062.8,Stayed,2,SILVER,206
641,France,Male,37,6,0,2,1,0,45309.24,Stayed,5,DIAMOND,940
812,France,Male,44,4,115049.15,2,1,0,165038.41,Stayed,2,DIAMOND,223
850,France,Female,36,0,164850.54,1,1,1,62722.44,Stayed,1,PLATINUM,377
729,Germany,Female,42,4,97495.8,2,0,0,2002.5,Stayed,3,GOLD,583
790,Germany,Female,25,5,152885.77,1,1,0,58214.79,Stayed,4,SILVER,938
494,France,Male,30,3,85704.95,1,0,1,27886.06,Stayed,2,PLATINUM,520
695,Spain,Male,46,3,122549.64,1,1,1,56297.85,Stayed,3,SILVER,520
654,France,Male,29,4,132954.64,1,1,1,146715.07,Stayed,3,SILVER,810
584,Spain,Female,29,4,0,2,1,0,88866.92,Stayed,3,DIAMOND,781
537,France,Male,47,10,0,2,0,1,25482.62,Stayed,1,PLATINUM,677
661,France,Male,35,5,0,1,1,0,155394.52,Stayed,1,GOLD,698
696,Spain,Male,60,8,88786.81,1,1,1,196858.4,Stayed,1,PLATINUM,628
719,France,Male,69,3,0,2,1,1,58320.06,Stayed,4,SILVER,489
613,France,Female,24,7,140453.91,1,1,0,129001.3,Stayed,2,DIAMOND,245
678,Germany,Male,48,2,101099.9,2,0,1,193476.04,Stayed,1,PLATINUM,788
784,Germany,Male,28,2,109960.06,2,1,1,170829.87,Stayed,2,DIAMOND,797
620,Germany,Female,25,1,137712.01,1,1,1,76197.05,Stayed,5,GOLD,631
645,France,Female,55,7,0,2,1,1,18369.33,Stayed,2,GOLD,971
537,France,Male,38,3,0,2,0,0,141023.01,Stayed,3,GOLD,412
822,France,Male,37,3,105563,1,1,0,182624.93,Stayed,5,DIAMOND,463
706,France,Male,35,5,0,2,1,1,81718.37,Stayed,2,SILVER,712
686,France,Male,25,1,0,2,0,1,16459.37,Stayed,1,DIAMOND,578
645,France,Male,41,7,0,1,0,1,28667.56,Stayed,1,SILVER,892
422,France,Male,54,3,140014.42,1,0,1,86350.97,Stayed,2,SILVER,844
751,France,Male,29,10,147737.63,1,0,1,94951.27,Stayed,4,PLATINUM,298
529,France,Female,27,1,0,2,1,1,37769.98,Stayed,5,PLATINUM,333
796,Germany,Male,40,2,113228.38,2,1,1,46415.09,Stayed,1,PLATINUM,233
665,France,Female,38,5,0,2,1,0,156439.56,Stayed,4,PLATINUM,837
624,Spain,Male,33,6,66220.17,1,0,1,170819.01,Stayed,5,GOLD,413
628,France,Female,45,8,0,2,1,0,193903.06,Stayed,2,DIAMOND,684
596,Spain,Male,60,7,121907.97,1,0,1,30314.04,Stayed,5,GOLD,774
539,France,Male,39,6,0,2,1,1,86767.48,Stayed,5,PLATINUM,315
603,Spain,Male,46,2,0,2,1,0,174478.54,Stayed,1,DIAMOND,393
592,France,Male,28,2,116498.22,1,1,0,144290.25,Stayed,4,DIAMOND,238
805,Germany,Female,33,3,105663.56,2,0,1,33330.89,Stayed,3,SILVER,709
605,Spain,Male,33,5,150092.8,1,0,0,71862.79,Stayed,3,DIAMOND,509
720,Germany,Female,37,8,156282.79,1,1,0,45985.52,Stayed,1,GOLD,390
752,Germany,Male,32,9,115587.49,2,0,1,101677.46,Stayed,5,DIAMOND,722
780,Spain,Female,33,6,145580.61,1,1,1,154598.56,Stayed,4,GOLD,610
767,France,Female,42,2,133616.39,1,1,0,28615.8,Stayed,5,PLATINUM,584
660,Germany,Male,28,1,118402.25,2,1,0,14288.93,Stayed,1,PLATINUM,965
647,France,Male,35,4,123761.68,1,1,0,83910.4,Stayed,4,PLATINUM,713
597,France,Female,33,6,135703.59,2,0,0,74850.84,Stayed,3,SILVER,438
729,Germany,Male,36,8,152899.24,2,1,0,177130.33,Stayed,4,SILVER,625
705,Germany,Male,41,4,72252.64,2,1,1,142514.66,Stayed,2,GOLD,710
597,France,Male,61,5,0,2,1,1,81299.17,Stayed,1,GOLD,567
599,France,Male,27,5,0,2,1,0,30546.4,Stayed,3,SILVER,259
579,Spain,Female,39,2,151963.26,2,1,0,158948.63,Stayed,1,PLATINUM,393
526,Germany,Male,34,3,122726.56,1,1,1,46772.36,Stayed,1,PLATINUM,429
710,Spain,Female,28,6,0,1,1,0,48426.98,Stayed,3,GOLD,406
718,France,Male,29,2,0,1,1,0,126336.72,Stayed,1,GOLD,422
625,France,Male,43,4,122351.29,1,1,0,71216.6,Stayed,4,GOLD,936
777,Germany,Female,46,0,107362.8,1,1,0,487.3,Stayed,1,SILVER,258
604,France,Male,40,1,84315.02,1,0,0,36209.1,Stayed,3,PLATINUM,885
745,Spain,Male,40,3,88466.82,1,0,0,116331.42,Stayed,4,SILVER,645
751,Spain,Male,38,7,0,2,0,0,90839.61,Stayed,3,PLATINUM,654
721,Germany,Female,36,3,65253.07,2,1,0,28737.78,Stayed,5,SILVER,751
726,France,Male,34,3,0,2,1,0,196288.46,Stayed,3,PLATINUM,544
629,Spain,Male,34,6,0,2,1,0,190347.72,Stayed,3,DIAMOND,741
718,France,Female,31,0,118100.59,2,1,0,103165.15,Stayed,4,GOLD,870
628,France,Male,37,0,0,2,1,1,171707.93,Stayed,4,GOLD,668
657,France,Male,33,1,84309.57,2,0,0,103914.4,Stayed,2,SILVER,772
700,Spain,Male,28,8,159900.38,1,0,0,22698.56,Stayed,1,GOLD,227
633,France,Male,31,1,0,1,1,0,48606.71,Stayed,3,GOLD,804
439,France,Male,28,7,110976.23,2,1,0,138526.96,Stayed,4,PLATINUM,566
729,Spain,Male,44,4,107726.93,2,1,0,153064.87,Stayed,5,SILVER,456
687,France,Male,38,9,122570.87,1,1,1,35608.88,Stayed,4,DIAMOND,595
554,Spain,Female,27,4,0,2,1,1,135083.73,Stayed,5,SILVER,738
798,France,Male,32,7,0,2,0,1,37731.95,Stayed,4,GOLD,856
528,France,Male,31,6,102016.72,2,0,0,80181.12,Stayed,3,GOLD,264
767,Germany,Female,33,1,144753.21,1,1,1,132480.75,Stayed,1,GOLD,541
654,France,Male,37,6,83568.55,1,1,0,47046.72,Stayed,3,GOLD,752
618,Germany,Male,42,8,153572.31,2,1,1,76679.6,Stayed,3,DIAMOND,594
493,France,Male,36,9,0,2,1,1,65816.53,Stayed,4,SILVER,293
601,France,Male,44,3,0,2,1,0,30607.11,Stayed,4,SILVER,319
609,Spain,Female,45,4,89122.3,1,1,1,199256.98,Stayed,3,DIAMOND,573
579,Spain,Male,33,1,0,2,1,1,54816.57,Stayed,3,SILVER,528
492,France,Female,31,7,0,2,1,1,49463.44,Stayed,2,SILVER,783
623,Spain,Male,44,1,83325.77,1,0,1,80828.78,Stayed,1,DIAMOND,525
684,Spain,Female,36,4,0,1,1,0,117038.96,Stayed,1,SILVER,718
827,France,Female,60,2,0,2,0,1,60615.83,Stayed,3,DIAMOND,750
620,France,Female,42,1,0,2,0,1,65565.92,Stayed,2,PLATINUM,615
670,France,Male,36,7,0,2,0,0,59571.5,Stayed,2,DIAMOND,871
528,France,Female,26,10,102073.67,2,0,0,166799.93,Stayed,4,SILVER,370
655,Spain,Female,56,5,0,2,1,1,41782.7,Stayed,2,PLATINUM,979
507,France,Male,42,6,0,2,1,0,34777.23,Stayed,1,DIAMOND,487
731,Spain,Male,42,9,101043.63,1,1,1,192175.52,Stayed,4,PLATINUM,882
782,France,Male,36,1,148795.17,2,1,1,195681.43,Stayed,1,DIAMOND,615
711,Germany,Female,53,5,123805.03,1,1,0,102428.51,Stayed,5,GOLD,806
640,France,Male,40,8,110340.68,1,1,1,157886.6,Stayed,4,DIAMOND,778
636,France,Male,31,6,0,2,1,1,2382.61,Stayed,3,SILVER,875
586,France,Male,51,2,138553.57,1,1,1,92406.22,Stayed,4,DIAMOND,832
821,Germany,Female,31,2,68927.57,1,1,1,25445,Stayed,4,GOLD,369
583,Germany,Female,32,7,94753.55,2,1,1,18149.03,Stayed,5,SILVER,356
554,Spain,Male,37,3,0,2,1,0,166177.3,Stayed,1,GOLD,612
683,Spain,Female,24,8,98567.1,1,1,0,187987.01,Stayed,1,SILVER,987
771,France,Female,66,7,143773.07,1,1,1,130827.88,Stayed,2,DIAMOND,625
513,Germany,Female,49,5,171601.27,1,1,0,126223.84,Stayed,3,PLATINUM,844
655,France,Male,44,8,87471.63,1,0,1,188593.98,Stayed,4,SILVER,712
687,Spain,Male,35,3,0,2,1,1,176450.19,Stayed,2,SILVER,508
464,France,Female,33,10,147493.7,2,1,0,100447.53,Stayed,4,DIAMOND,801
500,Germany,Male,44,9,160838.13,2,1,0,196261.64,Stayed,2,SILVER,978
695,Spain,Female,31,8,0,2,0,1,131644.41,Stayed,5,DIAMOND,941
809,Germany,Male,33,8,148055.74,1,0,0,199203.21,Stayed,1,PLATINUM,981
650,Spain,Male,41,9,0,2,0,1,191599.67,Stayed,4,PLATINUM,693
768,France,Female,40,8,0,2,0,1,69080.46,Stayed,5,GOLD,334
701,Spain,Male,35,10,159693.9,2,1,1,71173.64,Stayed,3,DIAMOND,752
748,Spain,Male,35,5,105492.53,1,1,1,150057.2,Stayed,4,GOLD,811
599,France,Male,44,10,118577.24,1,1,1,31448.52,Stayed,2,SILVER,785
683,Spain,Male,40,8,0,1,1,0,75848.22,Stayed,4,PLATINUM,221
617,Spain,Male,38,7,0,1,1,1,27239.28,Stayed,1,DIAMOND,743
566,France,Female,21,3,0,2,1,1,3626.47,Stayed,4,DIAMOND,541
620,France,Male,37,0,107548.94,1,1,0,71175.94,Stayed,5,GOLD,319
562,Germany,Male,31,4,127237.25,2,0,1,143317.42,Stayed,4,DIAMOND,938
501,France,Male,35,6,99760.84,1,1,1,13591.52,Stayed,1,SILVER,310
720,Germany,Male,23,0,187861.18,2,1,1,104120.17,Stayed,4,GOLD,664
584,Spain,Male,32,9,85534.83,1,0,0,169137.24,Stayed,5,PLATINUM,226
694,France,Male,30,10,144684.03,1,1,1,31805.49,Stayed,5,DIAMOND,412
438,France,Male,60,7,78391.17,1,0,1,49424.6,Stayed,4,GOLD,262
760,Spain,Male,38,3,91241.85,1,0,1,80682.35,Stayed,5,GOLD,840
520,France,Male,33,4,156297.58,2,1,1,166102.61,Stayed,1,DIAMOND,477
754,Germany,Male,35,6,98585.94,2,0,1,106116.84,Stayed,3,PLATINUM,765
721,France,Male,69,2,108424.19,1,1,1,178418.35,Stayed,1,PLATINUM,260
789,Germany,Female,43,9,116644.29,2,1,1,60176.1,Stayed,3,SILVER,642
673,France,Male,39,7,82255.51,2,1,0,109545.56,Stayed,4,PLATINUM,984
799,Germany,Male,28,7,167658.33,2,1,1,111138.25,Stayed,5,DIAMOND,938
731,France,Female,41,9,152243.57,1,1,1,88783.59,Stayed,4,PLATINUM,291
512,France,Male,36,0,129804.17,1,1,0,53020.9,Stayed,2,PLATINUM,349
510,Germany,Female,50,7,123936.54,1,1,1,23768.01,Stayed,5,DIAMOND,769
608,Germany,Male,28,4,96679.71,1,1,1,49133.45,Stayed,3,PLATINUM,988
707,France,Male,33,2,0,2,0,0,130866.95,Stayed,4,GOLD,993
637,Germany,Female,27,7,135842.89,1,1,1,101418.05,Stayed,3,DIAMOND,483
585,Germany,Male,37,6,152496.82,1,1,1,99907.29,Stayed,3,SILVER,405
711,France,Male,64,4,0,2,1,1,3185.67,Stayed,1,GOLD,949
627,France,Male,27,1,62092.9,1,1,1,105887.04,Stayed,4,DIAMOND,470
625,Germany,Male,42,6,100047.33,1,1,0,93429.95,Stayed,4,GOLD,431
670,Spain,Male,67,6,158719.57,1,1,1,118607.4,Stayed,3,SILVER,392
618,Germany,Female,29,10,100315.1,2,1,1,32526.64,Stayed,1,SILVER,812
611,France,Female,40,8,100812.33,2,1,0,147358.27,Stayed,2,DIAMOND,927
500,France,Female,34,4,0,2,1,0,12833.96,Stayed,2,DIAMOND,747
472,France,Female,37,1,0,2,1,1,48357.9,Stayed,3,SILVER,793
730,France,Male,34,1,0,2,1,1,126592.01,Stayed,3,DIAMOND,865
660,France,Female,32,0,114668.89,1,1,0,84605,Stayed,4,PLATINUM,458
632,Germany,Female,41,3,81877.38,1,1,1,33642.21,Stayed,3,SILVER,532
521,Germany,Female,40,9,134504.78,1,1,0,18082.06,Stayed,5,PLATINUM,257
697,Germany,Female,74,3,108071.36,2,1,1,16445.79,Stayed,3,DIAMOND,525
590,Germany,Female,40,2,117641.43,2,0,0,92198.05,Stayed,5,DIAMOND,574
753,Germany,Male,32,5,159904.79,1,1,0,148811.14,Stayed,1,GOLD,767
588,Spain,Male,32,3,109109.33,1,0,1,4993.94,Stayed,3,GOLD,447
821,France,Male,28,2,0,2,1,0,46072.52,Stayed,2,DIAMOND,544
676,France,Male,31,3,78990.15,1,1,1,124777.14,Stayed,1,SILVER,225
644,France,Male,28,7,155060.41,1,1,0,29179.52,Stayed,5,DIAMOND,715
690,France,Male,36,7,101583.11,2,1,0,123775.15,Stayed,2,DIAMOND,423
633,France,Male,35,10,0,2,1,0,65675.47,Stayed,1,DIAMOND,898
689,France,Female,29,1,77556.79,2,1,1,122998.26,Stayed,2,SILVER,693
732,Spain,Male,54,0,134249.7,1,0,1,13404.4,Stayed,4,PLATINUM,304
696,France,Female,31,8,0,2,0,0,191074.11,Stayed,4,SILVER,665
748,Spain,Male,39,3,0,2,1,1,123998.52,Stayed,2,PLATINUM,511
563,France,Male,30,7,90727.79,1,1,0,122268.75,Stayed,2,SILVER,599
610,France,Male,36,4,129440.3,2,1,0,102638.35,Stayed,4,PLATINUM,975
715,France,Female,31,2,112212.14,2,1,1,181600.72,Stayed,5,PLATINUM,641
672,France,Male,31,6,91125.75,1,1,0,177295.92,Stayed,4,DIAMOND,597
666,France,Female,41,10,141162.08,1,1,0,50908.48,Stayed,2,SILVER,510
574,France,Female,34,7,152992.91,1,1,1,134691.2,Stayed,5,DIAMOND,705
535,Spain,Male,37,3,175534.78,2,1,1,9241.52,Stayed,5,DIAMOND,316
610,France,Female,25,2,0,2,1,0,123723.83,Stayed,3,SILVER,923
705,Germany,Male,44,3,105934.96,1,1,0,82463.69,Stayed,3,PLATINUM,351
764,Spain,Male,29,5,0,2,1,0,65868.28,Stayed,4,DIAMOND,275
589,France,Female,21,3,0,2,0,1,55601.44,Stayed,1,SILVER,427
622,Germany,Male,33,3,96926.12,2,1,0,48553.77,Stayed,2,PLATINUM,776
569,France,Female,43,7,0,2,1,1,77703.19,Stayed,2,SILVER,271
795,Spain,Male,35,8,0,2,1,0,167155.36,Stayed,2,DIAMOND,708
686,Spain,Male,22,5,0,2,1,0,158974.45,Stayed,2,SILVER,968
846,France,Female,38,5,0,1,1,1,187616.16,Stayed,3,PLATINUM,225
658,Germany,Male,29,5,75395.53,2,0,1,54914.92,Stayed,4,PLATINUM,298
634,France,Male,34,8,105302.66,1,1,1,123164.97,Stayed,1,DIAMOND,378
748,France,Female,34,8,0,2,1,0,53584.03,Stayed,4,GOLD,932
756,France,Male,31,10,122647.32,1,0,0,61666.87,Stayed,1,GOLD,280
672,France,Male,39,2,0,2,1,0,87372.49,Stayed,3,DIAMOND,425
755,France,Female,28,7,124540.28,1,0,1,188850.89,Stayed,3,GOLD,691
672,France,Male,34,9,0,2,1,0,161800.77,Stayed,3,GOLD,239
606,Spain,Female,46,8,0,2,1,1,183717.94,Stayed,2,DIAMOND,939
833,France,Male,30,1,0,2,1,0,141860.62,Stayed,5,DIAMOND,380
627,France,Male,32,10,0,2,1,0,103287.62,Stayed,4,DIAMOND,534
602,France,Male,59,7,0,2,1,1,162347.05,Stayed,3,SILVER,280
761,Germany,Female,38,1,120530.13,2,1,0,109394.62,Stayed,2,GOLD,815
717,France,Male,28,4,128206.79,1,1,1,54272.12,Stayed,1,SILVER,931
701,Spain,Female,34,6,107980.37,1,1,1,119374.74,Stayed,3,PLATINUM,563
653,France,Female,42,1,0,2,1,1,5768.32,Stayed,2,SILVER,397
850,France,Male,46,9,117640.39,1,1,0,88920.68,Stayed,2,PLATINUM,935
633,Spain,Male,33,4,137847.41,2,1,0,98349.13,Stayed,1,DIAMOND,836
607,Germany,Male,36,10,106702.94,2,0,0,198313.69,Stayed,1,SILVER,519
756,Germany,Female,34,2,148200.72,1,0,0,194584.48,Stayed,3,SILVER,851
695,France,Male,46,7,49512.55,1,1,0,133007.34,Stayed,3,DIAMOND,310
628,France,Male,31,0,88421.81,1,0,0,72350.47,Stayed,2,SILVER,800
690,Spain,Female,48,2,0,2,1,1,3149.1,Stayed,3,GOLD,712
707,France,Male,32,9,0,2,0,0,30807.02,Stayed,4,DIAMOND,263
664,France,Male,32,10,107209.73,1,1,1,112340.2,Stayed,2,DIAMOND,739
516,Spain,Female,27,1,0,1,0,1,112311.15,Stayed,3,PLATINUM,638
548,Germany,Female,36,2,108913.84,2,1,1,140460.01,Stayed,4,SILVER,800
481,France,Female,34,5,0,2,1,1,125253.46,Stayed,4,PLATINUM,848
642,France,Male,40,1,154863.15,1,1,1,138052.51,Stayed,4,SILVER,716
814,Germany,Male,29,1,131968.57,2,1,1,147693.92,Stayed,2,PLATINUM,545
548,France,Female,35,10,0,1,1,1,31299.71,Stayed,5,SILVER,638
637,France,Female,33,7,103377.81,1,1,0,84419.78,Stayed,1,SILVER,449
729,France,Male,34,3,152303.8,1,1,0,12128.69,Stayed,2,PLATINUM,980
654,France,Male,47,10,0,2,1,0,170481.98,Stayed,1,PLATINUM,584
778,Germany,Female,45,1,162150.42,2,1,0,174531.27,Stayed,2,DIAMOND,250
640,Spain,Male,39,3,0,1,1,1,105997.25,Stayed,1,SILVER,540
627,France,Male,33,5,0,2,1,1,103737.82,Stayed,4,PLATINUM,499
473,Germany,Female,35,7,131504.73,1,1,0,189560.43,Stayed,5,DIAMOND,852
850,Germany,Male,53,2,94078.97,2,1,0,36980.54,Stayed,4,GOLD,325
716,France,Female,29,6,0,2,1,1,98998.61,Stayed,2,DIAMOND,545
662,France,Male,31,3,0,2,0,1,27731.05,Stayed,2,SILVER,241
676,France,Female,43,2,0,1,1,1,55119.53,Stayed,1,PLATINUM,679
637,France,Male,33,2,145731.83,1,0,1,109219.43,Stayed,4,SILVER,721
809,Spain,Female,33,3,0,2,0,1,141426.78,Stayed,5,GOLD,627
611,France,Male,30,9,0,2,1,1,148887.69,Stayed,4,GOLD,973
472,France,Male,31,4,58662.92,2,0,1,73322,Stayed,1,GOLD,437
494,France,Male,28,9,114731.76,2,0,1,79479.74,Stayed,1,PLATINUM,261
528,Germany,Male,22,5,93547.23,2,0,1,961.57,Stayed,4,DIAMOND,525
737,France,Female,32,7,128551.36,2,0,1,189402.71,Stayed,2,GOLD,314
413,Spain,Male,35,2,0,2,1,1,60972.84,Stayed,1,GOLD,541
586,France,Male,33,9,0,1,1,0,6975.02,Stayed,5,DIAMOND,871
850,France,Male,56,7,131317.48,1,1,1,119175.45,Stayed,3,SILVER,657
757,France,Male,28,3,75381.15,1,1,1,199727.72,Stayed,5,GOLD,378
645,France,Female,40,3,129596.77,1,1,1,103232.6,Stayed,4,SILVER,897
523,Germany,Male,35,8,138782.76,1,1,1,186118.93,Stayed,4,DIAMOND,249
670,Spain,Male,43,1,97792.21,1,0,0,120225.62,Stayed,4,SILVER,701
766,Germany,Female,45,6,97652.96,1,1,0,127332.33,Stayed,2,DIAMOND,883
554,France,Male,44,7,85304.27,1,1,1,58076.52,Stayed,4,GOLD,895
739,France,Female,27,6,0,1,1,1,57572.38,Stayed,2,SILVER,746
568,Germany,Male,26,1,112930.28,2,1,0,22095.73,Stayed,5,GOLD,438
509,Spain,Male,38,2,0,1,0,0,168460.12,Stayed,2,GOLD,450
520,Germany,Male,32,5,110029.77,1,1,0,56246.69,Stayed,4,DIAMOND,483
591,France,Female,33,4,113743.37,1,1,0,124625.08,Stayed,2,SILVER,947
763,Spain,Male,37,8,0,2,1,1,933.38,Stayed,1,DIAMOND,560
572,Spain,Male,23,2,126873.52,1,0,1,67040.12,Stayed,4,GOLD,628
705,Germany,Female,40,3,92889.91,1,1,1,109496.69,Stayed,1,PLATINUM,451
661,Spain,Male,38,7,143006.7,1,1,1,15650.89,Stayed,2,SILVER,689
506,Spain,Male,50,3,0,2,1,0,12016.79,Stayed,3,DIAMOND,295
569,France,Female,44,4,0,2,0,0,134394.78,Stayed,1,SILVER,592
583,France,Male,38,8,0,1,1,0,47848.56,Stayed,1,PLATINUM,414
656,France,Male,39,10,0,2,1,1,98894.64,Stayed,1,SILVER,259
598,Spain,Male,34,0,104488.17,1,0,1,43249.67,Stayed,5,SILVER,547
667,Germany,Male,70,3,77356.92,2,1,1,20881.96,Stayed,2,GOLD,681
608,Germany,Female,38,8,103653.51,2,1,1,137079.86,Stayed,3,SILVER,843
687,France,Male,35,9,0,2,0,1,73133.82,Stayed,5,PLATINUM,900
709,France,Female,36,8,0,2,1,1,69676.55,Stayed,3,PLATINUM,829
457,Germany,Male,42,4,126772.57,1,0,1,126106.4,Stayed,3,DIAMOND,322
850,France,Female,34,9,92899.27,2,1,0,97465.89,Stayed,4,SILVER,783
657,France,Female,37,2,0,2,1,1,7667.48,Stayed,2,DIAMOND,398
681,France,Male,32,3,148884.47,2,1,1,90967.37,Stayed,5,DIAMOND,300
647,Spain,Female,64,1,91216,1,1,1,41800.18,Stayed,1,DIAMOND,402
606,Germany,Female,32,1,106301.85,2,0,1,59061.25,Stayed,3,GOLD,469
668,Spain,Male,25,8,0,2,1,1,135112.09,Stayed,2,SILVER,765
596,Spain,Male,36,2,0,2,0,1,125557.95,Stayed,4,SILVER,867
572,France,Female,30,6,0,1,0,1,175025.27,Stayed,3,SILVER,468
622,France,Female,31,1,89688.94,1,1,1,152305.47,Stayed,2,GOLD,588
547,France,Female,35,4,0,1,1,1,133287.73,Stayed,1,GOLD,305
622,Spain,Female,47,6,142319.03,1,0,0,100183.05,Stayed,4,DIAMOND,578
850,Spain,Male,22,2,0,2,1,1,9684.52,Stayed,1,GOLD,793
606,Germany,Male,45,5,63832.43,1,1,1,93707.8,Stayed,5,SILVER,940
607,Germany,Male,47,4,148826.32,1,1,1,79450.61,Stayed,5,GOLD,837
586,France,Female,38,2,0,2,1,0,87168.46,Stayed,2,SILVER,650
613,France,Male,42,7,115076.06,1,1,1,79323.61,Stayed,1,SILVER,589
597,Germany,Male,52,8,83693.34,2,1,1,161083.53,Stayed,3,GOLD,603
749,France,Female,35,3,0,3,1,1,132649.85,Stayed,3,SILVER,574
668,France,Male,28,4,107141.27,1,1,0,193018.71,Stayed,5,PLATINUM,898
620,Spain,Male,44,8,0,2,1,1,15627.51,Stayed,5,DIAMOND,940
637,France,Male,32,3,0,2,1,1,197827.06,Stayed,5,SILVER,704
827,Spain,Male,46,1,183276.32,1,1,1,13460.27,Stayed,4,DIAMOND,511
768,Germany,Female,43,2,129264.05,2,0,0,19150.14,Stayed,3,SILVER,343
679,Germany,Female,34,7,121063.85,1,1,0,56984.58,Stayed,1,GOLD,564
569,France,Male,35,10,124525.52,1,1,1,193793.78,Stayed,5,PLATINUM,693
662,Spain,Male,38,4,0,2,1,0,136259.65,Stayed,5,GOLD,248
603,France,Male,31,1,129743.75,1,1,0,109145.2,Stayed,1,PLATINUM,664
640,France,Female,29,4,0,2,1,0,44904.26,Stayed,3,GOLD,758
591,Spain,Male,30,8,124857.69,2,0,0,50485.7,Stayed,2,DIAMOND,650
507,France,Female,29,4,89349.47,2,0,0,180626.68,Stayed,3,GOLD,889
771,Spain,Female,41,5,0,2,0,1,92914.67,Stayed,2,DIAMOND,958
658,France,Male,29,4,80262.6,1,1,1,20612.82,Stayed,2,GOLD,420
553,Spain,Male,42,7,0,2,1,0,7680.23,Stayed,3,SILVER,869
708,Germany,Female,42,8,192390.52,2,1,0,823.36,Stayed,2,SILVER,307
644,Spain,Male,49,10,0,2,1,1,145089.64,Stayed,4,SILVER,511
652,Germany,Male,27,2,166527.88,2,0,1,146007.7,Stayed,1,SILVER,917
640,France,Male,28,7,0,2,1,1,131097.9,Stayed,5,DIAMOND,611
788,France,Female,43,10,0,2,1,1,116111.51,Stayed,4,DIAMOND,797
648,Germany,Male,33,5,138664.24,1,1,0,29076.27,Stayed,1,PLATINUM,403
642,France,Male,72,1,160541,2,1,1,142223.94,Stayed,5,SILVER,836
769,France,Male,48,2,96542.16,2,0,1,197885.72,Stayed,3,DIAMOND,827
661,France,Female,34,0,0,2,1,0,185555.63,Stayed,5,SILVER,996
622,Spain,Male,42,9,0,2,1,0,119127.06,Stayed,5,SILVER,884
850,France,Female,32,5,106290.64,1,1,0,121982.73,Stayed,4,DIAMOND,946
694,Spain,Male,38,7,121527.4,1,1,0,113481.02,Stayed,4,PLATINUM,582
701,France,Male,37,1,0,2,1,0,163457.55,Stayed,3,GOLD,947
770,Germany,Female,46,5,141788.63,2,0,0,164967.21,Stayed,5,PLATINUM,791
715,Spain,Male,42,6,0,2,1,1,128745.69,Stayed,4,SILVER,289
553,France,Female,27,3,0,2,0,0,159800.16,Stayed,5,GOLD,300
603,Germany,Male,26,4,109166.37,1,1,1,92840.67,Stayed,3,PLATINUM,882
619,Germany,Female,41,5,92467.58,1,1,0,38270.47,Stayed,3,GOLD,569
724,France,Male,29,4,0,1,1,0,8982.75,Stayed,5,GOLD,881
692,Spain,Female,49,9,0,2,1,0,178342.63,Stayed,1,PLATINUM,373
537,Spain,Female,38,1,0,2,0,1,41233.97,Stayed,5,PLATINUM,818
667,Spain,Female,40,1,146502.07,1,1,0,19162.89,Stayed,3,DIAMOND,230
478,Spain,Male,43,1,0,2,1,1,197916.43,Stayed,5,DIAMOND,303
603,France,Male,43,5,127823.93,1,1,1,19483.35,Stayed,1,SILVER,711
505,Germany,Female,37,6,159863.9,2,0,1,125307.87,Stayed,1,GOLD,421
675,France,Male,35,8,0,2,1,1,56642.97,Stayed,3,PLATINUM,806
724,Germany,Male,30,7,115315.04,1,1,0,15216.53,Stayed,1,SILVER,985
734,Germany,Male,33,5,121898.58,1,1,0,61829.89,Stayed,4,PLATINUM,659
547,France,Female,29,6,104450.86,1,1,1,37160.28,Stayed,2,SILVER,546
635,Spain,Female,35,7,0,2,1,1,65951.65,Stayed,2,GOLD,318
681,Germany,Male,48,5,139714.4,2,0,0,73066.72,Stayed,3,GOLD,541
655,Spain,Male,38,9,0,1,0,1,90490.33,Stayed,5,PLATINUM,544
691,Germany,Male,27,3,160358.68,2,1,0,142367.72,Stayed,3,GOLD,527
461,France,Female,35,5,0,1,1,1,54209.02,Stayed,2,GOLD,710
636,Germany,Female,37,9,157098.52,1,1,1,153535.27,Stayed,3,SILVER,638
660,Spain,Female,36,0,84438.57,1,1,1,181449.51,Stayed,4,DIAMOND,699
569,Spain,Female,30,3,139528.23,1,1,1,33230.37,Stayed,4,SILVER,705
665,France,Male,51,2,0,1,0,0,53353.36,Stayed,1,GOLD,434
781,Spain,Male,35,4,80790.74,1,1,0,116429.51,Stayed,2,SILVER,456
561,France,Female,35,5,0,2,1,0,59981.62,Stayed,2,PLATINUM,598
542,France,Male,34,8,101116.06,1,1,0,196395.05,Stayed,4,SILVER,987
555,Spain,Male,32,4,0,2,1,1,54405.79,Stayed,4,DIAMOND,850
658,France,Female,39,4,0,1,1,1,147530.06,Stayed,3,GOLD,745
639,France,Female,31,3,98360.03,1,0,0,20973.8,Stayed,4,PLATINUM,607
798,France,Male,22,8,0,2,1,0,107615.43,Stayed,5,GOLD,280
676,Germany,Male,28,1,69459.05,2,1,1,128461.29,Stayed,4,DIAMOND,917
604,France,Male,34,7,0,2,1,1,188078.55,Stayed,4,SILVER,757
627,France,Male,73,0,146329.73,1,0,1,43615.67,Stayed,2,DIAMOND,871
653,France,Female,27,9,0,2,1,0,96429.29,Stayed,3,GOLD,834
658,France,Female,43,7,140260.36,2,1,0,2748.72,Stayed,4,DIAMOND,643
678,France,Male,31,2,0,2,1,1,58803.28,Stayed,1,DIAMOND,888
454,France,Male,34,4,0,2,1,0,198817.72,Stayed,2,PLATINUM,731
717,France,Male,31,4,129722.57,1,0,0,41176.6,Stayed,5,GOLD,585
630,France,Male,43,9,0,2,1,1,34338.04,Stayed,4,GOLD,649
668,France,Female,35,6,102482.76,1,1,1,53994.64,Stayed,3,SILVER,421
657,France,Male,44,6,76495.04,1,1,0,79071.89,Stayed,4,SILVER,721
562,France,Male,33,6,0,2,1,0,111590.35,Stayed,3,DIAMOND,933
733,Germany,Female,33,7,187257.94,1,0,1,190430.81,Stayed,2,DIAMOND,356
661,Germany,Female,35,5,150725.53,2,0,1,113656.85,Stayed,1,GOLD,770
735,France,Male,31,3,119558.35,1,0,0,72927.68,Stayed,1,GOLD,386
671,Spain,Male,34,10,153360.02,1,1,0,140509.86,Stayed,4,SILVER,761
622,Germany,Female,28,1,143124.63,2,1,0,81723.8,Stayed,4,GOLD,295
684,Spain,Female,39,4,139723.9,1,1,1,120612.11,Stayed,2,SILVER,254
721,France,Female,37,1,0,2,1,0,70810.8,Stayed,5,DIAMOND,420
692,France,Female,34,7,0,2,1,0,195074.62,Stayed,1,DIAMOND,427
613,Spain,Male,34,3,0,1,1,1,41724.72,Stayed,2,GOLD,474
507,Germany,Female,46,8,102785.16,1,1,1,70323.68,Stayed,1,GOLD,633
588,Spain,Male,33,2,0,2,1,1,12483.56,Stayed,1,PLATINUM,469
428,France,Female,62,1,107735.93,1,0,1,58381.77,Stayed,4,DIAMOND,398
507,France,Female,33,1,113452.66,1,0,0,142911.99,Stayed,1,SILVER,401
627,France,Female,27,2,0,2,1,0,125451.01,Stayed,3,DIAMOND,402
831,France,Male,30,2,0,2,0,1,3430.38,Stayed,1,DIAMOND,841
696,France,Female,25,8,126442.59,1,1,0,121904.44,Stayed,4,SILVER,267
702,Spain,Male,32,8,71667.74,1,1,1,126082.18,Stayed,2,GOLD,225
773,Germany,Female,42,8,152324.66,2,1,0,171733.22,Stayed,4,GOLD,628
539,Spain,Female,37,1,130922.81,2,0,0,2186.83,Stayed,1,PLATINUM,319
758,France,Male,35,7,0,2,1,0,77951.84,Stayed,3,DIAMOND,560
850,Spain,Male,37,4,137204.77,1,1,1,28865.59,Stayed,5,DIAMOND,687
718,Germany,Male,43,5,132615.73,2,1,0,32999.1,Stayed,3,SILVER,795
771,Germany,Male,32,9,77487.2,1,0,0,33143.04,Stayed,3,SILVER,918
706,France,Male,54,9,117444.51,1,1,1,186238.85,Stayed,2,PLATINUM,344
710,France,Female,37,5,0,2,1,0,115403.31,Stayed,1,SILVER,875
724,Spain,Male,45,5,83888.54,1,0,1,34121.81,Stayed,3,SILVER,559
644,Germany,Female,44,8,106022.73,2,0,0,148727.42,Stayed,1,DIAMOND,934
696,Germany,Male,38,6,142316.14,1,1,1,8018.49,Stayed,1,GOLD,365
655,Germany,Male,67,6,148363.38,1,1,1,186995.17,Stayed,5,PLATINUM,241
637,France,Male,27,9,128940.24,1,1,0,46786.92,Stayed,5,GOLD,304
603,Germany,Male,46,4,98899.76,2,1,1,86190.34,Stayed,3,DIAMOND,801
593,Spain,Male,31,8,112713.34,1,1,1,176868.89,Stayed,2,GOLD,710
540,Spain,Male,67,1,88382.01,1,0,1,59457,Stayed,4,GOLD,409
695,Germany,Male,40,7,139022.24,1,0,1,193383.13,Stayed,2,DIAMOND,227
728,Germany,Male,39,6,152182.83,1,0,0,161203.6,Stayed,4,DIAMOND,256
604,Spain,Female,34,3,0,2,1,0,38587.7,Stayed,1,DIAMOND,407
586,Germany,Male,38,2,136858.42,1,0,1,189143.94,Stayed,2,DIAMOND,840
566,Spain,Male,44,5,0,2,1,0,66462.79,Stayed,5,PLATINUM,294
593,Spain,Female,38,4,88736.44,2,1,0,67020.03,Stayed,5,PLATINUM,910
687,France,Male,35,8,0,2,1,0,10334.05,Stayed,5,PLATINUM,809
850,Spain,Female,39,6,0,2,1,0,103921.43,Stayed,3,GOLD,491
674,France,Female,28,3,0,1,1,0,51536.99,Stayed,5,PLATINUM,409
612,Germany,Female,58,1,149641.53,1,1,1,115161.28,Stayed,5,GOLD,405
653,France,Female,74,0,121276.32,1,1,1,160348.31,Stayed,3,GOLD,582
567,Spain,Male,44,9,0,2,1,0,87677.15,Stayed,1,DIAMOND,240
809,France,Male,24,7,109558.36,1,1,0,183515.13,Stayed,5,GOLD,483
623,Germany,Male,33,8,96759.42,1,1,1,174777.98,Stayed,2,SILVER,357
686,France,Female,41,7,152105.57,2,0,1,132374.41,Stayed,1,SILVER,665
749,France,Female,26,6,0,2,0,1,34948.77,Stayed,4,GOLD,240
695,France,Male,36,6,114007.5,2,1,0,118120.88,Stayed,1,DIAMOND,533
634,France,Male,37,5,115345.86,2,0,0,168781.8,Stayed,3,GOLD,261
628,France,Female,29,9,71996.29,1,1,1,34857.46,Stayed,4,DIAMOND,221
655,Spain,Female,28,3,113811.85,2,0,1,76844.23,Stayed,5,PLATINUM,890
619,Germany,Male,40,9,103604.31,2,0,0,140947.05,Stayed,1,DIAMOND,923
606,Germany,Male,40,1,144757.97,2,1,1,166656.18,Stayed,3,SILVER,743
676,Spain,Male,35,0,0,2,0,0,139911.58,Stayed,3,SILVER,543
724,France,Male,40,6,0,2,0,0,106149.48,Stayed,3,PLATINUM,437
718,France,Male,27,2,0,2,0,0,26229.24,Stayed,1,PLATINUM,538
608,Germany,Female,48,2,127924.25,2,1,0,32202.61,Stayed,1,DIAMOND,794
738,France,Male,18,4,0,2,1,1,47799.15,Stayed,5,PLATINUM,739
603,Spain,Male,24,1,165149.13,2,1,0,21858.28,Stayed,1,PLATINUM,872
512,France,Male,43,1,0,2,1,1,52471.36,Stayed,4,GOLD,574
705,Germany,Male,42,8,166685.92,2,1,1,55313.51,Stayed,4,GOLD,283
602,France,Male,34,5,0,2,1,1,77414.45,Stayed,2,DIAMOND,743
642,France,Male,35,2,133161.95,1,0,1,122254.86,Stayed,3,GOLD,460
731,France,Male,29,10,0,2,1,1,162452.65,Stayed,4,SILVER,251
653,Spain,Male,30,4,0,2,1,0,120736.04,Stayed,5,DIAMOND,739
608,Spain,Female,56,5,0,2,0,1,153810.41,Stayed,1,DIAMOND,921
678,France,Female,22,6,118064.93,2,1,1,195424.01,Stayed,3,GOLD,749
738,Germany,Male,37,7,140950.92,2,1,0,195333.98,Stayed,5,SILVER,865
571,France,Male,40,5,0,2,0,0,72849.29,Stayed,2,SILVER,557
850,France,Female,41,5,0,2,1,1,34827.43,Stayed,2,GOLD,914
682,Spain,Male,36,5,0,2,1,1,147758.51,Stayed,5,GOLD,628
739,Spain,Male,38,0,128366.44,1,1,0,12796.43,Stayed,3,PLATINUM,631
684,France,Male,30,2,0,2,1,0,83473.82,Stayed,4,DIAMOND,699
670,Spain,Male,37,0,178742.71,1,1,1,194493.57,Stayed,3,DIAMOND,345
541,France,Male,46,4,124547.13,2,1,0,94499.06,Stayed,5,GOLD,690
737,Germany,Male,35,0,133377.8,1,0,1,64050.19,Stayed,1,DIAMOND,666
605,France,Male,33,9,128152.82,1,0,0,147822.81,Stayed,1,DIAMOND,432
710,France,Female,31,3,0,2,1,1,112289.06,Stayed,2,SILVER,681
564,France,Female,27,6,0,1,0,0,7819.76,Stayed,5,PLATINUM,602
530,Spain,Female,36,7,0,2,1,0,80619.09,Stayed,5,SILVER,761
506,Germany,Female,59,3,190353.08,1,1,0,78365.75,Stayed,4,PLATINUM,797
543,Spain,Female,41,4,0,1,0,0,194902.16,Stayed,5,PLATINUM,331
459,France,Male,26,4,149879.66,1,0,0,50016.17,Stayed,1,DIAMOND,872
757,Spain,Female,44,9,0,2,1,0,177528.92,Stayed,3,GOLD,579
594,France,Male,50,7,81310.34,1,1,1,183868.01,Stayed,4,SILVER,439
733,France,Female,44,6,168165.84,1,0,1,197193.49,Stayed,2,SILVER,225
627,Spain,Female,25,4,0,1,1,1,194313.93,Stayed,5,SILVER,992
524,France,Male,29,7,0,2,1,1,105448.74,Stayed,3,PLATINUM,717
757,France,Male,38,0,0,1,1,0,83263.06,Stayed,1,PLATINUM,537
590,Spain,Female,29,10,99250.08,1,1,1,129629.41,Stayed,5,GOLD,931
578,Spain,Male,23,8,0,2,1,0,112124.98,Stayed,3,DIAMOND,240
488,Germany,Female,33,4,140002.35,1,1,0,123613.81,Stayed,1,GOLD,935
541,France,Female,32,4,0,1,1,1,114951.42,Stayed,4,SILVER,459
672,Germany,Female,23,10,110741.56,1,1,0,80778.5,Stayed,4,SILVER,455
701,France,Male,39,9,140236.98,1,0,1,146651.99,Stayed,2,PLATINUM,342
733,France,Male,33,3,0,1,1,1,7666.73,Stayed,1,SILVER,855
550,France,Male,34,8,122359.5,1,0,0,116495.55,Stayed,2,GOLD,702
751,Germany,Male,34,9,108513.25,2,1,1,27097.82,Stayed,5,SILVER,264
677,Spain,Female,43,3,133214.88,2,1,1,95936.84,Stayed,5,DIAMOND,865
509,France,Male,30,6,0,2,1,0,180598.86,Stayed,4,DIAMOND,342
531,France,Male,29,3,114590.58,1,0,0,75585.48,Stayed,5,DIAMOND,429
704,Spain,Male,37,4,0,2,0,0,25684.93,Stayed,5,SILVER,439
748,Spain,Male,60,3,0,2,1,1,78194.37,Stayed,1,DIAMOND,505
746,France,Female,21,8,166883.07,2,0,1,194563.65,Stayed,3,GOLD,261
745,France,Female,40,6,131184.67,1,1,1,49815.62,Stayed,1,DIAMOND,966
507,France,Male,36,4,83543.37,1,0,0,140134.43,Stayed,1,DIAMOND,691
528,France,Male,30,2,128262.72,2,1,0,50771.16,Stayed,2,PLATINUM,791
606,France,Male,40,5,0,2,1,1,70899.27,Stayed,2,DIAMOND,664
515,Spain,Male,35,10,176273.95,1,0,1,121277.78,Stayed,1,GOLD,231
623,France,Female,35,5,0,2,1,0,101192.08,Stayed,2,DIAMOND,311
628,France,Male,30,8,89182.09,1,1,1,13126.9,Stayed,3,GOLD,228
672,France,Female,53,7,0,1,1,1,136910.18,Stayed,3,PLATINUM,311
597,France,Male,28,2,0,3,1,1,78707.97,Stayed,3,SILVER,793
464,France,Male,38,3,116439.65,1,1,0,75574.48,Stayed,5,DIAMOND,434
460,Germany,Female,35,8,102742.91,2,1,1,189339.6,Stayed,5,DIAMOND,366
529,Spain,Female,39,2,82766.43,1,1,1,122925.44,Stayed,3,GOLD,574
482,France,Female,35,2,133111.73,1,0,1,79957.95,Stayed,3,PLATINUM,956
573,Germany,Male,31,0,134644.19,1,1,1,70381.49,Stayed,5,SILVER,603
587,France,Female,36,1,70784.27,1,1,0,30579.82,Stayed,3,PLATINUM,509
521,France,Male,37,5,105843.26,2,1,1,84908.2,Stayed,3,SILVER,751
562,France,Male,75,5,87140.85,1,1,1,39351.64,Stayed,4,GOLD,389
605,Spain,Female,36,9,0,2,0,1,35521.63,Stayed,2,DIAMOND,825
640,France,Female,66,9,116037.76,1,0,1,184636.05,Stayed,1,DIAMOND,909
766,Spain,Male,41,0,0,2,0,1,34283.23,Stayed,4,GOLD,670
644,France,Female,24,8,92760.55,1,1,0,35896.75,Stayed,5,GOLD,238
528,Germany,Male,32,2,99092.45,1,0,1,111149.98,Stayed,5,PLATINUM,859
656,France,Female,39,6,0,2,1,0,141069.88,Stayed,4,DIAMOND,638
634,France,Female,37,7,51582.5,2,1,1,184312.88,Stayed,5,GOLD,902
646,Germany,Female,29,4,105957.44,1,1,0,15470.91,Stayed,1,PLATINUM,345
732,France,Male,36,7,0,2,1,1,60830.24,Stayed,1,GOLD,875
515,France,Male,40,0,109542.29,1,1,1,166370.81,Stayed,5,GOLD,312
697,France,Female,76,7,0,2,0,1,188772.45,Stayed,3,DIAMOND,733
718,France,Female,35,2,167924.95,1,1,0,43024.64,Stayed,2,SILVER,317
783,Spain,Male,39,9,0,2,1,0,143752.77,Stayed,4,DIAMOND,301
711,France,Female,21,0,82844.33,2,0,1,1408.68,Stayed,1,SILVER,310
680,Spain,Female,34,7,0,2,1,0,98949.85,Stayed,5,PLATINUM,912
567,Germany,Female,40,2,105222.86,2,1,0,93795.86,Stayed,1,SILVER,975
555,Germany,Female,62,10,114822.64,1,0,1,8444.5,Stayed,3,GOLD,291
808,France,Male,45,7,118626.55,2,1,0,147132.46,Stayed,1,SILVER,559
606,Germany,Female,27,6,172310.33,1,0,1,111448.92,Stayed,4,DIAMOND,232
697,Spain,Female,25,5,82931.85,2,1,1,128373.88,Stayed,1,PLATINUM,282
720,France,Male,29,2,0,2,1,0,39925.52,Stayed,5,PLATINUM,398
607,France,Female,33,8,91301.72,1,0,1,130824.57,Stayed,5,DIAMOND,480
623,France,Female,39,1,160903.2,1,0,0,78774.36,Stayed,5,PLATINUM,633
709,France,Female,45,3,104118.5,1,0,1,174032,Stayed,2,SILVER,569
646,France,Male,30,7,0,2,1,0,153566.97,Stayed,1,PLATINUM,801
701,France,Female,42,6,86167.82,1,1,0,153342.38,Stayed,5,DIAMOND,958
573,France,Male,52,8,0,2,0,1,178229.04,Stayed,2,SILVER,481
748,France,Male,44,4,112610.77,1,0,1,2048.55,Stayed,3,GOLD,315
684,Spain,Female,41,1,134177.06,1,0,0,177506.66,Stayed,1,PLATINUM,456
680,Germany,Female,31,3,127331.46,3,1,1,176433.6,Stayed,4,SILVER,807
782,France,Male,39,8,0,2,1,1,33949.67,Stayed,3,PLATINUM,424
732,Germany,Male,42,9,108748.08,2,1,1,65323.11,Stayed,1,DIAMOND,932
695,Spain,Female,35,7,79858.13,2,1,1,127977.66,Stayed,5,PLATINUM,408
778,France,Male,44,8,123863.64,1,1,0,144494.94,Stayed,1,DIAMOND,830
838,Spain,Female,39,5,166733.92,2,1,0,14279.44,Stayed,2,DIAMOND,917
722,France,Male,40,6,0,2,1,1,111893.09,Stayed,2,GOLD,846
817,Germany,Male,58,3,114327.59,2,1,1,42831.11,Stayed,3,DIAMOND,262
567,France,Female,35,5,166118.45,2,1,0,127827.18,Stayed,4,GOLD,239
539,France,Female,22,0,100885.93,2,1,1,38772.65,Stayed,5,GOLD,725
665,France,Female,41,8,96147.55,1,1,0,137037.97,Stayed,3,PLATINUM,280
659,Spain,Female,33,8,115409.6,1,0,1,1539.21,Stayed,1,SILVER,595
655,France,Female,38,6,0,1,1,1,188639.28,Stayed,3,SILVER,333
665,France,Female,37,5,160389.82,1,0,1,183542.08,Stayed,2,GOLD,661
616,Spain,Male,30,5,0,2,0,1,196108.51,Stayed,4,PLATINUM,701
639,France,Female,42,4,0,2,0,0,167682.37,Stayed,2,GOLD,968
685,France,Male,20,4,104719.94,2,1,0,38691.34,Stayed,5,DIAMOND,909
774,Spain,Female,36,8,117152.3,1,0,0,101828.39,Stayed,4,GOLD,707
538,France,Male,31,1,0,2,1,0,1375.46,Stayed,1,PLATINUM,360
617,Spain,Male,34,9,0,2,1,0,118749.58,Stayed,1,PLATINUM,561
575,Spain,Female,31,6,0,2,1,1,95686.42,Stayed,4,SILVER,609
554,France,Female,38,4,137654.05,2,1,1,172629.67,Stayed,2,PLATINUM,326
516,France,Male,51,8,120124.35,2,0,1,168773.54,Stayed,2,PLATINUM,286
696,France,Male,34,9,150856.79,1,0,1,8236.78,Stayed,3,GOLD,572
811,France,Male,40,1,101514.89,1,1,1,121765,Stayed,3,SILVER,749
671,France,Male,31,0,116234.61,1,1,0,172096.08,Stayed,5,SILVER,395
611,France,Male,68,5,82547.11,2,1,1,146448.01,Stayed,3,GOLD,631
619,France,Male,43,1,125211.92,1,1,1,113410.49,Stayed,5,SILVER,657
631,France,Male,35,8,129205.49,1,1,1,79146.36,Stayed,2,SILVER,460
684,Germany,Male,18,9,90544,1,0,1,4777.23,Stayed,3,PLATINUM,300
603,Spain,Male,30,6,129548.5,2,1,1,19282.85,Stayed,2,SILVER,553
508,France,Female,60,7,143262.04,1,1,1,129562.74,Stayed,3,GOLD,727
653,France,Male,44,8,0,2,1,1,154639.72,Stayed,3,PLATINUM,382
682,Germany,Female,43,7,111094.05,2,1,1,64679.3,Stayed,2,GOLD,571
815,France,Male,24,7,171922.72,1,0,1,178028.96,Stayed,2,DIAMOND,458
669,France,Male,37,4,0,1,1,0,132540.33,Stayed,5,PLATINUM,968
664,France,Female,38,4,74306.19,2,1,0,154395.56,Stayed,3,DIAMOND,733
653,Spain,Male,35,9,0,2,1,1,45956.05,Stayed,4,GOLD,441
450,Spain,Female,34,2,0,2,1,0,175480.93,Stayed,1,SILVER,920
501,France,Female,41,3,144260.5,1,1,0,172114.67,Stayed,5,DIAMOND,518
584,France,Male,38,9,104584.16,1,1,0,176678.72,Stayed,4,GOLD,565
614,Spain,Male,36,5,0,2,1,0,130610.78,Stayed,1,GOLD,877
836,Germany,Female,32,4,109196.67,2,1,0,55218.02,Stayed,4,DIAMOND,246
650,Germany,Female,35,3,165982.43,2,1,1,24482.16,Stayed,2,PLATINUM,306
713,France,Female,39,10,0,2,1,1,126263.97,Stayed,5,PLATINUM,238
509,Germany,Male,32,9,170661.47,1,1,1,21646.2,Stayed,4,SILVER,994
770,Spain,Male,30,8,0,2,0,1,50839.85,Stayed,3,GOLD,597
624,Spain,Female,35,7,119656.45,2,1,1,4595.05,Stayed,1,DIAMOND,839
767,France,Male,48,9,0,2,0,1,175458.21,Stayed,5,DIAMOND,741
747,France,Male,41,5,0,2,1,1,22750.17,Stayed,3,DIAMOND,339
683,France,Female,33,9,0,2,1,1,38784.42,Stayed,2,SILVER,644
512,France,Male,36,4,152169.12,2,0,0,38629.3,Churned,5,DIAMOND,555
659,Spain,Female,42,2,0,1,0,0,162734.31,Churned,1,SILVER,674
579,Spain,Male,33,6,0,1,1,0,94993.04,Churned,4,PLATINUM,266
753,Spain,Male,51,4,79811.72,2,0,1,68260.27,Churned,1,DIAMOND,956
576,France,Male,24,3,0,1,0,1,78498.04,Churned,2,SILVER,938
813,Germany,Male,59,2,135078.41,1,1,0,187636.06,Churned,1,GOLD,709
608,France,Female,62,8,144976.5,1,0,0,175836.03,Churned,1,GOLD,836
570,Germany,Male,38,1,127201.58,1,1,0,147168.28,Churned,2,PLATINUM,509
603,France,Female,24,3,0,1,1,1,198826.03,Churned,5,SILVER,652
531,France,Female,47,6,0,1,0,0,194998.34,Churned,2,SILVER,510
676,France,Female,40,2,147803.48,1,1,0,95181.06,Churned,5,DIAMOND,275
532,Germany,Male,52,3,110791.97,1,1,0,148704.77,Churned,4,DIAMOND,846
609,Spain,Male,61,1,0,1,1,0,22447.85,Churned,5,PLATINUM,400
632,Spain,Male,37,1,138207.08,1,1,0,60778.11,Churned,3,DIAMOND,302
698,Spain,Female,47,6,0,1,1,0,50213.81,Churned,4,PLATINUM,625
667,Spain,Male,71,4,137260.78,1,0,1,94433.08,Churned,2,DIAMOND,915
561,France,Male,56,7,152759,2,1,0,133167.11,Churned,2,GOLD,377
822,France,Male,38,6,128289.7,3,1,0,9149.96,Churned,3,DIAMOND,799
850,Germany,Female,35,2,80931.75,1,0,0,12639.67,Churned,2,DIAMOND,983
720,France,Female,38,10,0,2,1,1,56229.72,Churned,2,GOLD,966
634,France,Female,45,2,0,4,1,0,101039.53,Churned,2,SILVER,611
414,France,Male,38,8,0,1,0,1,77661.12,Churned,4,DIAMOND,258
709,Germany,Male,45,4,122917.71,1,1,1,11.58,Churned,5,GOLD,254
850,Spain,Male,51,3,109799.55,2,1,1,12457.76,Churned,3,PLATINUM,974
601,France,Female,40,3,92055.36,1,0,1,164652.02,Churned,5,GOLD,543
705,Spain,Female,47,3,63488.7,1,0,1,28640.92,Churned,4,DIAMOND,555
620,France,Male,61,5,0,1,0,0,31641.52,Churned,3,GOLD,586
634,Germany,Female,53,3,113781.5,2,1,1,106345.05,Churned,5,GOLD,559
640,Spain,Male,43,9,172478.15,1,1,0,191084.4,Churned,4,DIAMOND,844
624,France,Male,55,7,118793.6,1,1,1,95022.02,Churned,4,DIAMOND,503
668,Spain,Female,24,7,173962.32,1,0,0,106457.11,Churned,2,SILVER,967
622,Germany,Female,52,9,111973.97,1,1,1,162756.29,Churned,2,GOLD,918
539,Spain,Male,38,6,0,1,1,1,152880.07,Churned,3,SILVER,219
731,Spain,Female,40,5,171325.98,1,1,1,159718.27,Churned,2,SILVER,964
537,Germany,Male,39,3,135309.36,1,1,0,31728.86,Churned,2,PLATINUM,746
850,Spain,Male,39,6,206014.94,2,0,1,42774.84,Churned,5,PLATINUM,748
831,Germany,Male,44,3,111100.98,1,1,1,28144.07,Churned,4,GOLD,560
720,France,Female,45,1,102882.4,2,1,1,35633.15,Churned,3,DIAMOND,219
561,France,Female,27,9,135637,1,1,0,153080.4,Churned,2,SILVER,567
596,Spain,Female,54,0,78126.28,1,1,1,153482.91,Churned,2,PLATINUM,479
815,France,Male,45,7,0,1,0,1,52885.23,Churned,5,SILVER,666
587,Germany,Female,44,5,125584.17,2,1,1,41852.24,Churned,5,SILVER,228
630,Germany,Male,29,6,131354.39,1,0,1,9324.31,Churned,4,SILVER,846
811,France,Male,46,9,180226.24,1,1,0,13464.64,Churned,3,PLATINUM,340
521,France,Male,27,4,121325.84,1,1,1,164223.7,Churned,3,PLATINUM,575
739,Germany,Male,32,3,102128.27,1,1,0,63981.37,Churned,2,DIAMOND,979
608,Germany,Female,44,5,126147.84,1,0,1,132424.69,Churned,1,DIAMOND,818
597,Germany,Female,39,8,162532.14,3,1,0,36051.46,Churned,2,SILVER,699
613,Germany,Female,43,10,120481.69,1,0,0,94875.03,Churned,1,DIAMOND,333
591,Spain,Female,27,5,107812.67,1,0,1,162501.83,Churned,2,SILVER,792
687,Germany,Female,47,1,91219.29,1,0,0,158845.49,Churned,2,GOLD,268
720,Germany,Male,46,3,97042.6,1,1,1,133516.51,Churned,2,GOLD,809
708,France,Female,51,8,70754.18,1,1,1,92920.04,Churned,2,PLATINUM,1000
706,Spain,Female,29,1,209490.21,1,1,1,133267.69,Churned,2,DIAMOND,243
673,France,Female,38,2,170061.92,2,0,0,134901.34,Churned,5,PLATINUM,954
565,France,Male,55,4,118803.35,2,1,1,128124.7,Churned,2,GOLD,535
702,Spain,Male,44,9,0,1,0,0,59207.41,Churned,4,DIAMOND,977
705,France,Female,37,10,0,2,1,1,13935.53,Churned,3,GOLD,931
835,Germany,Male,20,4,124365.42,1,0,0,180197.74,Churned,3,GOLD,812
663,Germany,Female,46,6,95439.4,1,1,1,21038.58,Churned,4,DIAMOND,825
581,Germany,Female,43,5,93259.57,3,1,0,141035.65,Churned,5,DIAMOND,276
785,Germany,Female,32,3,124493.03,2,0,1,52583.79,Churned,1,DIAMOND,839
513,France,Female,45,0,164649.52,3,1,0,49915.52,Churned,4,GOLD,590
739,Germany,Male,54,8,126418.14,1,1,0,134420.75,Churned,2,DIAMOND,718
602,Germany,Female,43,2,113641.49,4,1,0,115116.35,Churned,2,GOLD,679
498,Germany,Female,41,4,87541.06,2,1,1,12577.21,Churned,3,GOLD,326
706,Germany,Female,46,4,105214.58,1,1,0,108699.59,Churned,3,PLATINUM,635
730,France,Female,47,7,0,1,1,0,33373.26,Churned,2,PLATINUM,504
664,Germany,Female,49,5,127421.78,2,1,0,108876.75,Churned,2,PLATINUM,923
545,Germany,Male,53,5,114421.55,1,1,0,180598.28,Churned,3,PLATINUM,490
521,Spain,Female,49,4,82940.25,2,0,0,62413.01,Churned,3,GOLD,772
603,France,Female,48,5,0,1,1,0,100478.6,Churned,2,PLATINUM,709
619,Spain,Female,32,4,175406.13,2,1,1,172792.43,Churned,1,DIAMOND,707
780,Germany,Male,51,4,126725.25,1,1,0,195259.31,Churned,3,DIAMOND,744
793,Spain,Male,52,2,0,1,1,0,159123.82,Churned,5,GOLD,883
672,France,Female,45,9,0,1,1,1,92027.69,Churned,1,PLATINUM,397
608,Germany,Male,44,7,114203.47,1,1,1,77830.36,Churned,4,PLATINUM,268
792,Germany,Female,59,9,101609.77,1,0,0,161479.19,Churned,5,DIAMOND,779
756,Germany,Male,41,6,149049.92,1,0,1,50422.36,Churned,4,DIAMOND,783
783,Germany,Female,58,3,127539.3,1,1,1,96590.39,Churned,5,SILVER,270
707,Spain,Female,35,3,56674.48,1,1,0,17987.4,Churned,4,DIAMOND,845
523,Germany,Female,39,1,143903.11,1,1,1,118711.75,Churned,1,SILVER,732
529,France,Female,38,2,0,1,1,0,146388.85,Churned,5,DIAMOND,339
556,Germany,Male,37,9,145018.64,2,1,0,90928.02,Churned,1,SILVER,545
603,Spain,Male,57,6,105000.85,2,1,1,87412.24,Churned,3,DIAMOND,281
550,Germany,Male,52,5,121016.23,1,1,1,41730.37,Churned,3,DIAMOND,592
834,France,Female,49,2,131394.56,1,0,0,194365.76,Churned,2,GOLD,567
740,France,Female,60,5,108028.08,2,0,0,25980.42,Churned,5,GOLD,922
850,Spain,Male,49,8,0,1,0,0,25867.67,Churned,2,PLATINUM,240
833,Germany,Male,59,1,130854.59,1,1,1,30722.52,Churned,2,SILVER,504
730,Germany,Female,33,7,130367.87,1,1,0,15142.1,Churned,2,GOLD,910
610,Spain,Male,42,6,0,2,1,0,158302.59,Churned,5,DIAMOND,237
653,France,Male,47,6,0,1,1,0,50695.93,Churned,2,SILVER,622
846,France,Female,34,10,142388.61,2,0,1,68393.64,Churned,5,SILVER,451
708,France,Male,34,3,0,1,0,1,121457.88,Churned,5,DIAMOND,552
709,France,Female,43,8,0,2,0,0,168035.62,Churned,4,GOLD,863
496,Spain,Female,44,0,179356.28,2,1,0,2919.21,Churned,1,PLATINUM,326
545,Germany,Female,37,8,114754.08,1,1,0,136050.44,Churned,5,GOLD,958
573,Spain,Male,50,0,159304.07,1,0,1,155915.24,Churned,4,SILVER,466
581,France,Female,47,1,122949.14,1,0,0,180251.68,Churned,2,DIAMOND,983
597,Germany,Female,22,6,101528.61,1,1,0,70529,Churned,2,SILVER,793
568,Germany,Male,40,1,99282.63,1,0,0,134600.94,Churned,2,SILVER,818
657,Germany,Male,40,7,99165.84,1,0,1,119333.95,Churned,5,SILVER,267
722,Germany,Female,48,10,138311.76,1,1,1,3472.63,Churned,2,DIAMOND,310
447,France,Male,41,3,0,4,1,1,197490.39,Churned,2,SILVER,408
626,France,Male,43,4,137638.69,1,1,0,130442.08,Churned,2,GOLD,560
516,France,Male,27,9,0,1,1,0,142680.64,Churned,2,GOLD,445
537,Germany,Female,46,5,100727.5,1,0,1,140857.76,Churned,3,DIAMOND,649
698,Germany,Female,52,1,107906.75,1,1,0,168886.39,Churned,4,GOLD,866
697,Spain,Male,62,7,0,1,1,0,129188.18,Churned,4,DIAMOND,547
725,Germany,Male,45,8,116917.07,1,0,0,173464.43,Churned,5,GOLD,489
592,France,Male,54,8,0,1,1,1,28737.71,Churned,2,PLATINUM,359
549,Germany,Male,41,9,95020.8,3,1,1,131710.59,Churned,5,DIAMOND,793
715,France,Male,41,4,94267.9,1,0,1,152821.12,Churned,5,GOLD,831
514,Germany,Female,45,3,109032.23,1,0,1,155407.21,Churned,2,DIAMOND,764
549,Germany,Female,55,1,137592.31,2,0,1,116548.02,Churned,4,PLATINUM,319
619,Spain,Female,44,6,52831.13,1,1,1,112649.22,Churned,3,SILVER,245
675,France,Female,49,0,0,1,1,1,80496.71,Churned,4,SILVER,448
590,France,Female,54,4,0,2,1,1,93820.49,Churned,4,PLATINUM,723
684,Germany,Male,37,1,126817.13,2,1,1,29995.83,Churned,1,GOLD,511
612,Spain,Female,63,2,131629.17,2,1,0,122109.58,Churned,4,SILVER,642
751,France,Female,48,4,0,1,0,1,30165.06,Churned,3,DIAMOND,591
644,Germany,Female,40,4,77270.08,2,1,1,115800.1,Churned,3,DIAMOND,748
683,France,Female,30,2,0,2,0,1,100496.84,Churned,2,PLATINUM,526
574,Spain,Male,36,4,77967.5,1,1,0,167066.95,Churned,1,DIAMOND,929
632,Germany,Male,41,3,126550.7,1,0,0,177644.52,Churned,3,PLATINUM,324
710,France,Male,54,6,171137.62,1,1,1,167023.95,Churned,4,GOLD,451
534,France,Female,55,8,116973.26,3,1,0,122066.5,Churned,1,PLATINUM,840
636,Germany,Female,48,3,120568.41,1,1,0,190160.04,Churned,2,SILVER,981
706,Germany,Male,67,1,123276.69,2,1,1,86507.88,Churned,1,DIAMOND,906
635,France,Female,27,8,127471.56,1,1,1,152916.05,Churned,5,DIAMOND,476
628,Germany,Male,38,10,113525.84,1,1,0,46044.48,Churned,5,PLATINUM,491
668,France,Female,46,2,0,3,1,0,89048.46,Churned,1,DIAMOND,943
680,Germany,Male,30,4,108300.27,2,0,1,44384.57,Churned,3,DIAMOND,860
587,Germany,Female,49,7,155393.98,2,1,0,13308.2,Churned,1,DIAMOND,318
447,France,Male,43,2,0,2,1,0,33879.26,Churned,5,GOLD,348
466,France,Male,40,4,91592.06,1,1,0,141210.18,Churned,1,SILVER,977
636,Spain,Male,36,1,0,3,1,1,74048.1,Churned,5,DIAMOND,244
698,Spain,Female,50,1,0,4,1,0,88566.9,Churned,3,PLATINUM,341
705,Germany,Female,48,1,156848.13,2,1,1,99475.95,Churned,4,SILVER,240
551,France,Female,59,2,166968.28,1,1,0,159483.76,Churned,4,SILVER,654
512,Spain,Male,36,1,0,1,0,1,135482.26,Churned,4,PLATINUM,795
645,Spain,Male,44,8,113755.78,2,1,0,149756.71,Churned,5,DIAMOND,484
585,Spain,Female,56,1,128472.8,1,1,0,186476.91,Churned,2,GOLD,815
626,Germany,Female,47,2,103108.8,1,0,1,166475.44,Churned,3,GOLD,279
546,France,Male,34,4,165363.31,2,1,1,25744.13,Churned,2,SILVER,440
537,Germany,Female,37,7,158411.95,4,1,1,117690.58,Churned,3,DIAMOND,888
703,France,Male,37,1,149762.08,1,1,0,20629.4,Churned,3,DIAMOND,371
734,France,Female,54,3,0,1,1,0,130805.54,Churned,4,SILVER,505
576,France,Female,41,4,112609.91,1,0,0,191035.18,Churned,4,SILVER,660
606,France,Female,39,3,0,2,1,0,50560.45,Churned,2,GOLD,612
588,Germany,Female,35,1,103060.63,1,1,0,179866.01,Churned,5,DIAMOND,697
729,Spain,Female,28,0,0,2,1,1,31165.06,Churned,3,PLATINUM,433
721,Spain,Male,51,0,169312.13,1,1,0,109078.35,Churned,2,PLATINUM,405
523,Germany,Male,41,0,119276.31,1,0,0,122284.38,Churned,3,SILVER,844
640,France,Female,47,6,89799.46,2,0,1,13783.77,Churned,4,PLATINUM,857
621,Germany,Female,55,7,131033.76,1,0,1,75685.59,Churned,4,SILVER,412
803,France,Male,42,5,0,1,1,0,196466.83,Churned,1,GOLD,534
608,Spain,Female,28,4,0,2,1,0,10899.63,Churned,5,PLATINUM,391
682,France,Female,52,5,112670.48,1,1,0,21085.17,Churned,5,PLATINUM,336
790,Spain,Female,46,9,0,1,0,0,14679.81,Churned,3,SILVER,258
850,France,Female,35,2,128548.49,4,1,0,75478.95,Churned,3,PLATINUM,507
445,Spain,Male,62,1,64119.38,1,1,1,76569.64,Churned,5,PLATINUM,561
720,Spain,Male,64,3,45752.78,2,1,0,79623.28,Churned,4,SILVER,608
660,France,Male,50,1,0,3,1,1,191849.15,Churned,5,SILVER,967
477,Germany,Female,24,2,95675.62,2,0,0,162699.7,Churned,3,PLATINUM,355
811,Germany,Male,52,10,76915.4,1,0,0,146359.81,Churned,2,GOLD,488
714,Germany,Male,54,4,137986.58,2,0,1,51308.54,Churned,2,PLATINUM,809
529,France,Female,43,0,123815.86,1,1,1,78463.99,Churned,5,DIAMOND,703
649,Spain,Female,49,2,0,1,1,0,84863.85,Churned,3,DIAMOND,226
668,Germany,Female,39,0,122104.79,1,1,0,112946.67,Churned,5,DIAMOND,749
849,France,Female,41,6,0,2,1,1,169203.51,Churned,1,DIAMOND,618
760,France,Male,38,6,162888.73,1,1,0,91098.76,Churned,2,GOLD,528
469,France,Female,48,5,0,1,1,0,160529.71,Churned,1,PLATINUM,847
723,Germany,Female,47,10,90450,2,0,0,103379.31,Churned,5,GOLD,244
601,Germany,Male,42,1,98495.72,1,1,0,40014.76,Churned,2,DIAMOND,225
610,Germany,Male,50,1,113957.01,2,1,0,196526.55,Churned,4,SILVER,264
778,France,Female,33,9,151772.63,2,0,0,180249.94,Churned,5,DIAMOND,708
752,Spain,Male,48,5,116060.08,1,1,0,156618.38,Churned,5,PLATINUM,265
672,France,Female,53,9,169406.33,4,1,1,147311.47,Churned,4,DIAMOND,232
762,Germany,Male,46,6,123571.77,3,0,1,57014.17,Churned,5,DIAMOND,655
542,France,Male,39,3,135096.77,1,1,1,14353.43,Churned,2,PLATINUM,328
688,Germany,Male,35,5,111578.18,1,0,0,166165.93,Churned,1,PLATINUM,384
479,Germany,Male,35,4,138718.92,1,1,1,47251.79,Churned,1,GOLD,751
737,France,Male,43,0,80090.93,1,1,0,39920,Churned,5,SILVER,394
642,Germany,Male,49,4,120688.61,1,1,0,24770.22,Churned,1,GOLD,641
684,Spain,Male,39,4,207034.96,2,0,0,157694.76,Churned,4,DIAMOND,800
672,Spain,Female,56,2,209767.31,2,1,1,150694.42,Churned,5,PLATINUM,742
850,Spain,Female,53,7,65407.16,2,0,0,182633.63,Churned,1,PLATINUM,480
475,France,Male,39,6,0,1,1,1,56999.9,Churned,1,GOLD,388
517,France,Male,62,1,43772.66,3,1,0,187756.24,Churned,1,SILVER,590
732,Germany,Female,61,9,94867.18,2,1,1,157527.6,Churned,3,GOLD,507
739,Germany,Male,45,7,102703.62,1,0,1,147802.94,Churned,3,SILVER,827
692,Germany,Male,45,6,152296.83,4,0,1,108040.86,Churned,4,DIAMOND,489
582,Germany,Female,40,3,110150.43,1,1,1,191757.65,Churned,1,GOLD,686
745,Germany,Female,28,1,111071.36,1,1,0,73275.96,Churned,1,PLATINUM,238
648,Germany,Female,32,8,157138.99,3,1,0,190994.48,Churned,5,PLATINUM,984
626,France,Female,44,2,0,1,0,1,173117.22,Churned,4,GOLD,307
726,Spain,Female,56,8,123110.9,3,0,1,130113.78,Churned,4,DIAMOND,873
724,Germany,Male,33,4,88046.88,1,0,1,186942.49,Churned,3,SILVER,756
517,Germany,Female,59,8,154110.99,2,1,0,101240.08,Churned,1,DIAMOND,872
728,Germany,Male,45,3,108924.33,2,1,0,84300.4,Churned,4,PLATINUM,947
439,Spain,Male,52,3,96196.24,4,1,0,198874.52,Churned,1,GOLD,397
675,Spain,Female,40,8,79035.95,1,1,0,142783.98,Churned,5,GOLD,481
748,Germany,Male,45,2,119852.01,1,0,0,73853.94,Churned,2,PLATINUM,741
467,Germany,Male,28,10,126315.26,1,1,0,32349.29,Churned,4,PLATINUM,469
474,France,Male,33,5,0,2,1,0,181945.52,Churned,1,DIAMOND,454
608,Spain,Male,45,4,0,2,0,0,36697.48,Churned,1,DIAMOND,796
549,France,Female,52,1,0,1,0,1,8636.05,Churned,4,DIAMOND,485
597,Spain,Male,43,2,85162.26,1,0,1,5104.08,Churned,1,SILVER,507
648,Spain,Male,49,5,0,1,1,0,149946.43,Churned,4,GOLD,549
651,France,Male,45,2,165901.59,2,1,0,23054.51,Churned,1,DIAMOND,834
547,France,Female,49,2,0,1,0,0,65466.93,Churned,5,DIAMOND,618
560,France,Male,49,4,0,1,1,1,100075.1,Churned,1,DIAMOND,533
637,France,Female,63,5,0,1,1,0,28092.77,Churned,1,PLATINUM,252
697,France,Female,45,1,0,2,1,0,46807.62,Churned,3,PLATINUM,559
602,Germany,Female,26,8,113674.2,1,1,0,197861.16,Churned,3,DIAMOND,368
547,Germany,Male,41,3,151191.31,1,1,0,175295.89,Churned,2,SILVER,945
760,France,Female,51,2,100946.71,1,0,0,179614.8,Churned,4,DIAMOND,550
481,France,Male,44,9,175303.06,1,1,0,65500.53,Churned,4,PLATINUM,408
789,Germany,Male,43,8,119654.44,2,0,1,148412.24,Churned,5,PLATINUM,570
705,Germany,Female,37,3,109974.22,1,1,1,36320.87,Churned,3,SILVER,637
580,Germany,Male,24,1,133811.78,1,1,0,17185.95,Churned,2,DIAMOND,500
465,Germany,Male,53,1,117438.17,1,0,0,74898.8,Churned,2,SILVER,954
735,France,Female,38,1,0,3,0,0,92220.12,Churned,5,SILVER,678
717,Spain,Male,35,1,0,3,0,0,174770.14,Churned,3,GOLD,810
596,Germany,Male,48,2,131326.47,1,0,0,1140.02,Churned,2,DIAMOND,912
661,Spain,Male,42,2,178820.91,1,0,0,29358.57,Churned,1,PLATINUM,426
350,France,Male,51,10,0,1,1,1,125823.79,Churned,4,GOLD,383
468,France,Female,56,10,0,3,0,1,62256.87,Churned,3,PLATINUM,547
705,Germany,Female,43,10,146547.78,1,0,1,10072.55,Churned,1,GOLD,669
604,France,Female,53,2,121389.78,1,1,1,48201.64,Churned,1,PLATINUM,428
764,Germany,Male,34,6,108760.27,2,1,0,166324.79,Churned,3,GOLD,665
723,Germany,Female,49,0,153855.52,1,1,1,180862.26,Churned,3,PLATINUM,965
763,Germany,Female,32,1,108465.65,2,1,0,60552.44,Churned,4,GOLD,751
457,France,Male,41,8,73700.12,3,1,1,185750.02,Churned,5,DIAMOND,310
839,Germany,Male,47,2,136911.07,1,1,1,168184.62,Churned,3,DIAMOND,674
551,Germany,Male,50,1,121399.98,1,0,1,84508.44,Churned,2,DIAMOND,713
527,Spain,Female,35,8,0,1,1,0,98031.53,Churned,4,GOLD,277
819,Germany,Female,49,1,120656.86,4,0,0,166164.3,Churned,3,PLATINUM,991
535,France,Male,38,2,119272.29,1,0,0,195896.59,Churned,5,SILVER,346
599,Germany,Male,61,1,124737.96,1,0,1,90389.61,Churned,3,PLATINUM,914
739,France,Female,37,8,0,2,1,0,191557.1,Churned,2,GOLD,829
483,France,Female,44,5,136836.49,1,1,0,192359.9,Churned,1,SILVER,853
757,France,Male,57,3,89079.41,1,1,1,53179.21,Churned,4,DIAMOND,789
742,Germany,Female,36,2,129748.54,2,0,0,47271.61,Churned,3,GOLD,914
552,Germany,Male,33,3,144962.74,1,1,0,58844.84,Churned,2,SILVER,554
749,France,Female,60,6,0,1,1,0,17978.68,Churned,5,SILVER,718
579,Germany,Female,50,5,117721.02,1,0,1,192146.63,Churned,1,SILVER,546
661,Germany,Male,37,7,109908.06,2,1,0,115037.67,Churned,2,SILVER,311
670,France,Female,45,9,104930.38,1,1,0,155921.81,Churned,3,PLATINUM,720
660,France,Female,48,0,90044.32,2,0,1,187604.97,Churned,5,SILVER,351
678,France,Male,60,8,185648.56,1,0,0,192156.54,Churned,2,PLATINUM,508
689,Spain,Female,57,4,0,2,1,0,136649.8,Churned,2,GOLD,909
746,France,Male,48,5,165282.42,1,1,0,153786.46,Churned,4,SILVER,512
365,Germany,Male,30,0,127760.07,1,1,0,81537.85,Churned,4,DIAMOND,342
604,France,Male,53,8,144453.75,1,1,0,190998.96,Churned,3,DIAMOND,985
580,Germany,Male,45,8,103741.14,1,1,0,47428.73,Churned,4,GOLD,799
523,France,Female,40,2,102967.41,1,1,0,128702.1,Churned,1,PLATINUM,606
768,Germany,Male,48,3,122831.58,1,1,1,24533.89,Churned,2,PLATINUM,813
659,France,Female,44,9,23503.31,1,0,1,169862.01,Churned,4,GOLD,275
703,France,Male,56,9,0,1,0,0,85547.33,Churned,3,SILVER,623
675,France,Male,54,6,0,1,1,0,110273.84,Churned,2,SILVER,420
718,France,Female,41,1,0,2,0,1,27509.52,Churned,4,PLATINUM,982
613,Germany,Male,59,8,91415.76,1,0,0,27965,Churned,2,DIAMOND,422
632,Spain,Male,31,3,136556.44,1,1,0,82152.83,Churned,4,SILVER,964
681,Germany,Male,42,3,118199.97,2,1,0,9452.88,Churned,2,PLATINUM,219
829,Germany,Female,27,9,112045.67,1,1,1,119708.21,Churned,3,DIAMOND,779
572,Germany,Male,47,4,99353.42,1,1,0,196549.85,Churned,5,SILVER,276
794,France,Female,41,7,176845.41,3,1,0,166526.26,Churned,5,GOLD,226
714,Germany,Male,53,1,99141.86,1,1,1,72496.05,Churned,3,PLATINUM,1000
684,France,Male,60,2,116563.58,1,1,0,120257.7,Churned,1,SILVER,969
625,Spain,Female,57,7,0,1,0,0,84106.17,Churned,1,SILVER,674
648,Spain,Male,46,9,127209,2,1,0,77405.95,Churned,4,GOLD,932
715,France,Female,41,8,56214.85,2,0,0,92982.61,Churned,4,GOLD,790
767,Germany,Female,45,7,132746.2,2,1,0,26628.88,Churned,1,SILVER,313
571,France,Female,42,4,108825.34,3,1,0,55558.51,Churned,1,DIAMOND,866
820,Germany,Male,39,9,111336.89,1,1,0,16770.31,Churned,5,PLATINUM,753
738,Germany,Male,43,9,121152.05,2,1,0,64166.7,Churned,5,DIAMOND,912
662,France,Female,32,4,133950.37,1,1,1,48725.68,Churned,1,DIAMOND,368
599,France,Male,50,3,121159.65,1,0,0,4033.39,Churned,2,SILVER,435
565,Germany,Female,58,3,108888.24,3,0,1,135875.51,Churned,3,PLATINUM,936
850,Germany,Male,43,0,108508.82,3,1,0,184044.8,Churned,5,PLATINUM,721
513,France,Male,35,8,0,1,1,0,76640.29,Churned,4,GOLD,276
614,France,Female,37,8,75150.34,4,0,1,131766.67,Churned,1,GOLD,516
482,Germany,Male,45,7,156353.46,1,1,0,72643.95,Churned,4,PLATINUM,647
595,France,Male,46,10,0,1,1,0,73489.15,Churned,4,SILVER,273
621,Spain,Female,40,7,0,2,0,1,131283.6,Churned,4,PLATINUM,499
711,France,Male,51,7,0,3,1,0,38409.79,Churned,2,SILVER,631
753,Germany,Female,46,3,111512.75,3,1,0,159576.75,Churned,1,DIAMOND,642
779,France,Female,29,3,46388.16,3,1,0,127939.26,Churned,3,DIAMOND,922
605,France,Female,51,3,136188.78,1,1,1,67110.59,Churned,1,PLATINUM,683
775,Germany,Female,38,4,125212.65,2,1,1,15795.88,Churned,2,GOLD,332
741,France,Male,52,1,171236.3,2,0,0,21834.4,Churned,5,PLATINUM,332
697,France,Male,63,7,148368.02,1,0,0,118862.08,Churned,5,DIAMOND,505
850,France,Female,35,1,211774.31,1,1,0,188574.12,Churned,2,PLATINUM,757
581,Germany,Male,39,1,121523.51,1,0,0,161655.55,Churned,3,SILVER,875
562,Germany,Female,39,6,130565.02,1,1,0,9854.72,Churned,5,DIAMOND,481
621,Germany,Male,46,6,141078.37,1,0,0,34580.8,Churned,2,SILVER,956
635,France,Female,58,1,0,1,1,1,58907.08,Churned,1,DIAMOND,318
785,Spain,Female,54,1,0,2,1,0,45113.92,Churned,5,PLATINUM,287
524,Germany,Female,31,8,107818.63,1,1,0,199725.39,Churned,1,SILVER,462
583,Germany,Female,54,6,115988.86,1,1,0,57553.98,Churned,5,DIAMOND,878
713,Germany,Female,38,7,144606.22,1,1,1,56594.36,Churned,1,SILVER,656
498,Germany,Male,61,7,102453.26,1,1,0,187247.56,Churned,2,DIAMOND,727
684,France,Female,48,3,73309.38,1,0,0,21228.34,Churned,3,DIAMOND,579
807,Spain,Female,42,1,0,1,1,0,16500.66,Churned,2,DIAMOND,406
621,Germany,Male,40,8,174126.75,3,1,0,172490.78,Churned,5,SILVER,994
624,Germany,Male,54,3,116726.22,1,1,0,110498.1,Churned,5,PLATINUM,710
683,Spain,Male,40,4,95053.1,1,1,1,116816.54,Churned,5,PLATINUM,777
351,Germany,Female,57,4,163146.46,1,1,0,169621.69,Churned,4,SILVER,453
586,France,Female,35,7,164769.02,3,1,0,119814.25,Churned,3,SILVER,290
697,Germany,Female,38,6,132591.36,1,1,1,7387.8,Churned,3,DIAMOND,322
584,Spain,Female,48,2,213146.2,1,1,0,75161.25,Churned,4,DIAMOND,814
645,Germany,Female,41,2,138881.04,1,1,0,129936.53,Churned,2,GOLD,936
580,Germany,Female,38,1,128218.47,1,1,0,125953.83,Churned,5,PLATINUM,951
679,France,Male,41,8,147726.98,3,1,0,172749.4,Churned,1,DIAMOND,575
659,France,Female,49,1,0,1,1,0,116249.72,Churned,4,PLATINUM,219
566,Germany,Male,65,4,120100.41,1,1,0,107563.16,Churned,2,PLATINUM,842
686,France,Female,41,10,0,1,1,1,144272.71,Churned,5,GOLD,875
846,France,Female,41,5,0,3,1,0,3440.47,Churned,1,GOLD,994
550,France,Male,38,9,140278.99,3,1,1,171457.06,Churned,5,GOLD,230
564,Germany,Female,33,2,115761.51,1,0,1,112350.21,Churned,2,PLATINUM,792
669,France,Female,44,8,96418.09,1,0,0,131609.48,Churned,3,SILVER,915
598,France,Female,40,2,171178.25,1,1,0,137980.58,Churned,1,SILVER,949
616,Germany,Female,28,10,105173.99,1,0,1,29835.37,Churned,1,SILVER,947
606,Spain,Female,25,3,147386.72,3,1,0,45482.04,Churned,5,SILVER,405
528,Germany,Male,39,0,127631.62,1,0,1,22197.8,Churned,4,PLATINUM,654
571,Germany,Male,37,9,139592.98,3,1,0,104152.65,Churned,5,PLATINUM,923
556,Germany,Male,42,0,115915.53,2,0,1,125435.47,Churned,5,DIAMOND,569
717,France,Male,36,2,148061.89,1,1,0,179128.69,Churned,5,PLATINUM,969
782,Germany,Female,53,1,81571.05,1,1,0,182960.46,Churned,4,DIAMOND,389
791,France,Female,33,3,0,1,1,1,144413.92,Churned,5,SILVER,653
563,Germany,Male,41,2,100520.92,1,1,1,19412.8,Churned,5,DIAMOND,271
749,Germany,Male,47,9,110022.74,1,0,1,135655.29,Churned,3,GOLD,634
629,Germany,Male,40,2,121647.54,2,1,1,64849.74,Churned,1,SILVER,290
604,France,Male,33,3,0,1,1,0,42171.13,Churned,1,PLATINUM,756
701,France,Male,40,5,169742.64,1,1,1,153537.55,Churned,4,GOLD,840
504,Germany,Male,56,9,104217.3,1,0,0,55857.48,Churned,4,GOLD,359
850,Spain,Male,54,7,108185.81,2,0,0,24093.4,Churned,3,PLATINUM,431
509,France,Female,46,1,0,1,1,0,71244.59,Churned,2,DIAMOND,264
748,France,Female,49,7,29602.08,1,0,0,163550.58,Churned,4,SILVER,699
753,Germany,Female,38,1,117314.92,1,1,0,122021.33,Churned,5,DIAMOND,645
749,Spain,Female,46,9,66582.81,1,1,0,78753.12,Churned,1,PLATINUM,968
742,Germany,Female,43,6,97067.69,1,0,1,60920.03,Churned,5,GOLD,375
735,Germany,Female,43,9,98807.45,1,0,0,184570.04,Churned,4,SILVER,730
607,France,Female,39,10,0,3,1,0,132741.13,Churned,5,SILVER,480
690,Germany,Male,43,2,166522.78,1,0,0,119644.59,Churned,4,DIAMOND,834
673,France,Male,59,0,178058.06,2,0,1,21063.71,Churned,3,DIAMOND,328
428,Germany,Female,40,3,129248.11,2,1,0,72876.43,Churned,2,SILVER,758
749,Germany,Female,29,7,137059.05,3,1,0,102975.72,Churned,5,SILVER,859
670,France,Male,36,3,0,1,1,0,140754.19,Churned,3,PLATINUM,534
711,France,Female,38,2,129022.06,2,1,1,14374.86,Churned,4,DIAMOND,321
842,France,Male,44,3,141252.18,4,0,1,128521.16,Churned,5,PLATINUM,741
720,Spain,Female,59,6,0,2,1,1,160849.43,Churned,3,DIAMOND,521
657,Germany,Female,38,5,123770.46,1,0,0,47019.66,Churned,1,SILVER,385
418,France,Female,46,9,0,1,1,1,81014.5,Churned,2,GOLD,768
517,Germany,Male,53,0,109172.88,1,1,0,54676.1,Churned,4,GOLD,547
702,France,Male,26,2,71281.29,1,1,1,108747.12,Churned,5,PLATINUM,296
756,Germany,Female,26,5,155143.52,1,0,1,135034.57,Churned,1,DIAMOND,518
732,Spain,Female,69,9,137453.43,1,0,1,110932.24,Churned,5,PLATINUM,719
607,France,Female,48,4,112070.86,3,1,0,173568.3,Churned,5,SILVER,948
726,France,Female,48,4,0,1,1,0,114020.06,Churned,2,DIAMOND,283
757,Spain,Female,55,9,117294.12,4,1,0,94187.47,Churned,2,DIAMOND,918
693,France,Female,35,5,124151.09,1,1,0,88705.14,Churned,5,DIAMOND,854
710,Germany,Female,62,9,148214.36,1,1,0,48571.14,Churned,4,DIAMOND,485
358,Spain,Female,52,8,143542.36,3,1,0,141959.11,Churned,4,SILVER,976
658,France,Female,40,7,140596.95,1,0,1,135459.02,Churned,2,DIAMOND,411
520,France,Male,49,5,121197.64,1,1,0,72577.33,Churned,4,PLATINUM,502
556,France,Female,43,6,0,3,0,0,125154.57,Churned,4,GOLD,877
564,Spain,Male,31,5,121461.87,1,1,1,20432.09,Churned,1,PLATINUM,279
623,France,Male,45,0,0,1,1,0,196533.72,Churned,2,SILVER,679
790,Spain,Male,46,8,182364.53,1,0,0,139266.48,Churned,2,GOLD,661
773,Spain,Male,51,4,0,2,0,0,123587.83,Churned,4,SILVER,562
692,France,Male,29,4,0,1,1,0,76755.99,Churned,3,PLATINUM,686
579,Spain,Male,56,4,99340.83,1,0,0,4523.74,Churned,1,DIAMOND,806
494,Spain,Female,41,2,69974.66,2,1,0,188426.13,Churned,4,SILVER,997
693,Germany,Male,40,0,120711.73,1,0,0,27345.18,Churned,1,DIAMOND,709
847,Germany,Female,41,3,101543.51,4,1,0,16025.17,Churned,4,PLATINUM,924
650,Spain,Male,42,4,194532.66,1,1,0,171045.31,Churned,3,PLATINUM,824
850,France,Male,55,6,0,1,1,0,944.41,Churned,1,DIAMOND,583
659,France,Female,50,3,0,1,1,0,183399.12,Churned,5,PLATINUM,818
564,France,Female,53,2,45472.28,1,1,1,41055.71,Churned,5,PLATINUM,286
713,France,Male,33,6,94598.48,1,0,0,197519.66,Churned,5,PLATINUM,621
585,France,Female,35,2,0,2,1,0,98621.04,Churned,2,DIAMOND,622
513,France,Male,44,1,63562.02,2,0,1,52629.73,Churned,4,GOLD,230
528,Germany,Female,46,9,135555.66,1,1,0,133146.03,Churned,4,PLATINUM,764
581,Spain,Female,44,7,189318.16,2,1,0,45026.23,Churned,5,SILVER,846
467,Germany,Male,51,10,114514.71,2,1,0,177784.68,Churned,2,SILVER,681
850,Spain,Male,71,10,69608.14,1,1,0,97893.4,Churned,2,SILVER,786
668,France,Female,53,10,110240.04,1,0,0,183980.56,Churned,4,SILVER,682
693,France,Female,38,3,0,2,0,0,78133.48,Churned,5,GOLD,724
558,France,Female,45,1,153697.53,2,0,0,89891.4,Churned,2,SILVER,351
700,France,Male,46,5,95872.86,1,1,0,98273.01,Churned,5,DIAMOND,509
589,France,Female,59,2,0,2,1,1,126160.24,Churned,4,SILVER,292
664,France,Female,44,8,142989.69,1,1,1,115452.51,Churned,3,DIAMOND,750
753,Germany,Female,46,9,113909.69,3,1,0,92320.37,Churned,3,PLATINUM,314
722,Spain,Male,43,1,0,1,1,0,44560.17,Churned,5,SILVER,448
622,Spain,Female,46,4,107073.27,2,1,1,30984.59,Churned,3,GOLD,299
707,Germany,Female,48,7,105086.74,1,1,1,180344.69,Churned,5,PLATINUM,744
713,Germany,Male,45,4,131038.14,1,1,0,74005.04,Churned,2,GOLD,495
766,Germany,Female,62,7,142724.48,1,0,1,5893.23,Churned,2,GOLD,460
595,Germany,Female,64,2,105736.32,1,1,1,89935.73,Churned,3,GOLD,808
456,France,Female,63,1,165350.61,2,0,0,140758.07,Churned,1,SILVER,343
628,Germany,Male,39,1,115341.19,1,1,1,107674.3,Churned,4,SILVER,887
625,France,Female,51,7,136294.97,1,1,0,38867.46,Churned,1,PLATINUM,833
634,Germany,Female,59,3,95727.05,1,0,0,97939.4,Churned,3,SILVER,698
